seq_id	rank1	rank2	rank3	rank4	rank5	rank6	rank7	rank8	rank9	rank10	rank11	rank12	rank13	rank14	rank15	rank16	rank17	rank18	rank19	rank20	Clade	Order	Family	Genus	Functional group	Mean body mength	Mean max body length	Myelination	Spawning mode	Trophic group	Feeding mode	Matched
AB426093__Aetideopsis_multiserrata	Animalia	Animalia	Animalia	Arthropoda	Crustacea	Crustacea	Multicrustacea	Copepoda	Copepoda	Neocopepoda	Gymnoplea	Calanoida	Calanoida	Calanoida	Calanoida	Aetideidae	Aetideidae	Aetideopsis	Aetideopsis	Aetideopsis_multiserrata	NA	NA	NA	NA	NA	NA	NA	NA	NA	NA	NA	FALSE
AB426096__Amallothrix_valida	Animalia	Animalia	Animalia	Arthropoda	Crustacea	Crustacea	Multicrustacea	Copepoda	Copepoda	Neocopepoda	Gymnoplea	Calanoida	Calanoida	Calanoida	Calanoida	Scolecitrichidae	Scolecitrichidae	Amallothrix	Amallothrix	Amallothrix_valida	NA	NA	NA	NA	NA	NA	NA	NA	NA	NA	NA	FALSE
KF667526__Amphiascoides_atopus	Animalia	Animalia	Animalia	Arthropoda	Crustacea	Crustacea	Multicrustacea	Copepoda	Copepoda	Neocopepoda	Podoplea	Harpacticoida	Harpacticoida	Harpacticoida	Harpacticoida	Miraciidae	Diosaccinae	Amphiascoides	Amphiascoides	Amphiascoides_atopus	NA	NA	NA	NA	NA	NA	NA	NA	NA	NA	NA	FALSE
NC_023783__Amphiascoides_atopus	Animalia	Animalia	Animalia	Arthropoda	Crustacea	Crustacea	Multicrustacea	Copepoda	Copepoda	Neocopepoda	Podoplea	Harpacticoida	Harpacticoida	Harpacticoida	Harpacticoida	Miraciidae	Diosaccinae	Amphiascoides	Amphiascoides	Amphiascoides_atopus	NA	NA	NA	NA	NA	NA	NA	NA	NA	NA	NA	FALSE
MG001887__Calanus_finmarchicus	Animalia	Animalia	Animalia	Arthropoda	Crustacea	Crustacea	Multicrustacea	Copepoda	Copepoda	Neocopepoda	Gymnoplea	Calanoida	Calanoida	Calanoida	Calanoida	Calanidae	Calanidae	Calanus	Calanus	Calanus_finmarchicus	Copepoda	Calanoida	Calanidae	Calanus	FG7	3.46866666666667	5	1	Free	Omnivore-Herbivore	Current	TRUE
MG001883__Calanus_glacialis	Animalia	Animalia	Animalia	Arthropoda	Crustacea	Crustacea	Multicrustacea	Copepoda	Copepoda	Neocopepoda	Gymnoplea	Calanoida	Calanoida	Calanoida	Calanoida	Calanidae	Calanidae	Calanus	Calanus	Calanus_glacialis	Copepoda	Calanoida	Calanidae	Calanus	FG6	4.65090909090909	6	1	Free	Omnivore-Herbivore	Current	TRUE
JX678968__Calanus_hyperboreus	Animalia	Animalia	Animalia	Arthropoda	Crustacea	Crustacea	Multicrustacea	Copepoda	Copepoda	Neocopepoda	Gymnoplea	Calanoida	Calanoida	Calanoida	Calanoida	Calanidae	Calanidae	Calanus	Calanus	Calanus_hyperboreus	Copepoda	Calanoida	Calanidae	Calanus	FG6	8.07285714285714	10	1	Free	Omnivore-Herbivore	Current	TRUE
NC_019627__Calanus_hyperboreus	Animalia	Animalia	Animalia	Arthropoda	Crustacea	Crustacea	Multicrustacea	Copepoda	Copepoda	Neocopepoda	Gymnoplea	Calanoida	Calanoida	Calanoida	Calanoida	Calanidae	Calanidae	Calanus	Calanus	Calanus_hyperboreus	Copepoda	Calanoida	Calanidae	Calanus	FG6	8.07285714285714	10	1	Free	Omnivore-Herbivore	Current	TRUE
AB426065__Calanus_pacificus	Animalia	Animalia	Animalia	Arthropoda	Crustacea	Crustacea	Multicrustacea	Copepoda	Copepoda	Neocopepoda	Gymnoplea	Calanoida	Calanoida	Calanoida	Calanoida	Calanidae	Calanidae	Calanus	Calanus	Calanus_pacificus	Copepoda	Calanoida	Calanidae	Calanus	FG7	3.248	5.3	1	Free	Omnivore-Herbivore	Current	TRUE
AB426066__Calanus_sinicus	Animalia	Animalia	Animalia	Arthropoda	Crustacea	Crustacea	Multicrustacea	Copepoda	Copepoda	Neocopepoda	Gymnoplea	Calanoida	Calanoida	Calanoida	Calanoida	Calanidae	Calanidae	Calanus	Calanus	Calanus_sinicus	Copepoda	Calanoida	Calanidae	Calanus	FG7	2.818	3.6	1	Free	Omnivore-Herbivore	Current	TRUE
HQ619228__Calanus_sinicus	Animalia	Animalia	Animalia	Arthropoda	Crustacea	Crustacea	Multicrustacea	Copepoda	Copepoda	Neocopepoda	Gymnoplea	Calanoida	Calanoida	Calanoida	Calanoida	Calanidae	Calanidae	Calanus	Calanus	Calanus_sinicus	Copepoda	Calanoida	Calanidae	Calanus	FG7	2.818	3.6	1	Free	Omnivore-Herbivore	Current	TRUE
HQ619229__Calanus_sinicus	Animalia	Animalia	Animalia	Arthropoda	Crustacea	Crustacea	Multicrustacea	Copepoda	Copepoda	Neocopepoda	Gymnoplea	Calanoida	Calanoida	Calanoida	Calanoida	Calanidae	Calanidae	Calanus	Calanus	Calanus_sinicus	Copepoda	Calanoida	Calanidae	Calanus	FG7	2.818	3.6	1	Free	Omnivore-Herbivore	Current	TRUE
HQ619230__Calanus_sinicus	Animalia	Animalia	Animalia	Arthropoda	Crustacea	Crustacea	Multicrustacea	Copepoda	Copepoda	Neocopepoda	Gymnoplea	Calanoida	Calanoida	Calanoida	Calanoida	Calanidae	Calanidae	Calanus	Calanus	Calanus_sinicus	Copepoda	Calanoida	Calanidae	Calanus	FG7	2.818	3.6	1	Free	Omnivore-Herbivore	Current	TRUE
HQ619231__Calanus_sinicus	Animalia	Animalia	Animalia	Arthropoda	Crustacea	Crustacea	Multicrustacea	Copepoda	Copepoda	Neocopepoda	Gymnoplea	Calanoida	Calanoida	Calanoida	Calanoida	Calanidae	Calanidae	Calanus	Calanus	Calanus_sinicus	Copepoda	Calanoida	Calanidae	Calanus	FG7	2.818	3.6	1	Free	Omnivore-Herbivore	Current	TRUE
HQ619232__Calanus_sinicus	Animalia	Animalia	Animalia	Arthropoda	Crustacea	Crustacea	Multicrustacea	Copepoda	Copepoda	Neocopepoda	Gymnoplea	Calanoida	Calanoida	Calanoida	Calanoida	Calanidae	Calanidae	Calanus	Calanus	Calanus_sinicus	Copepoda	Calanoida	Calanidae	Calanus	FG7	2.818	3.6	1	Free	Omnivore-Herbivore	Current	TRUE
HQ619233__Calanus_sinicus	Animalia	Animalia	Animalia	Arthropoda	Crustacea	Crustacea	Multicrustacea	Copepoda	Copepoda	Neocopepoda	Gymnoplea	Calanoida	Calanoida	Calanoida	Calanoida	Calanidae	Calanidae	Calanus	Calanus	Calanus_sinicus	Copepoda	Calanoida	Calanidae	Calanus	FG7	2.818	3.6	1	Free	Omnivore-Herbivore	Current	TRUE
HQ619234__Calanus_sinicus	Animalia	Animalia	Animalia	Arthropoda	Crustacea	Crustacea	Multicrustacea	Copepoda	Copepoda	Neocopepoda	Gymnoplea	Calanoida	Calanoida	Calanoida	Calanoida	Calanidae	Calanidae	Calanus	Calanus	Calanus_sinicus	Copepoda	Calanoida	Calanidae	Calanus	FG7	2.818	3.6	1	Free	Omnivore-Herbivore	Current	TRUE
HQ619235__Calanus_sinicus	Animalia	Animalia	Animalia	Arthropoda	Crustacea	Crustacea	Multicrustacea	Copepoda	Copepoda	Neocopepoda	Gymnoplea	Calanoida	Calanoida	Calanoida	Calanoida	Calanidae	Calanidae	Calanus	Calanus	Calanus_sinicus	Copepoda	Calanoida	Calanidae	Calanus	FG7	2.818	3.6	1	Free	Omnivore-Herbivore	Current	TRUE
HQ619236__Calanus_sinicus	Animalia	Animalia	Animalia	Arthropoda	Crustacea	Crustacea	Multicrustacea	Copepoda	Copepoda	Neocopepoda	Gymnoplea	Calanoida	Calanoida	Calanoida	Calanoida	Calanidae	Calanidae	Calanus	Calanus	Calanus_sinicus	Copepoda	Calanoida	Calanidae	Calanus	FG7	2.818	3.6	1	Free	Omnivore-Herbivore	Current	TRUE
HQ619237__Calanus_sinicus	Animalia	Animalia	Animalia	Arthropoda	Crustacea	Crustacea	Multicrustacea	Copepoda	Copepoda	Neocopepoda	Gymnoplea	Calanoida	Calanoida	Calanoida	Calanoida	Calanidae	Calanidae	Calanus	Calanus	Calanus_sinicus	Copepoda	Calanoida	Calanidae	Calanus	FG7	2.818	3.6	1	Free	Omnivore-Herbivore	Current	TRUE
HQ157566__Caligus_clemensi	Animalia	Animalia	Animalia	Arthropoda	Crustacea	Crustacea	Multicrustacea	Copepoda	Copepoda	Neocopepoda	Podoplea	Siphonostomatoida	Siphonostomatoida	Siphonostomatoida	Siphonostomatoida	Caligidae	Caligidae	Caligus	Caligus	Caligus_clemensi	NA	NA	NA	NA	NA	NA	NA	NA	NA	NA	NA	FALSE
HQ157565__Caligus_rogercresseyi	Animalia	Animalia	Animalia	Arthropoda	Crustacea	Crustacea	Multicrustacea	Copepoda	Copepoda	Neocopepoda	Podoplea	Siphonostomatoida	Siphonostomatoida	Siphonostomatoida	Siphonostomatoida	Caligidae	Caligidae	Caligus	Caligus	Caligus_rogercresseyi	NA	NA	NA	NA	NA	NA	NA	NA	NA	NA	NA	FALSE
AB426067__Candacia_bipinnata	Animalia	Animalia	Animalia	Arthropoda	Crustacea	Crustacea	Multicrustacea	Copepoda	Copepoda	Neocopepoda	Gymnoplea	Calanoida	Calanoida	Calanoida	Calanoida	Candaciidae	Candaciidae	Candacia	Candacia	Candacia_bipinnata	Copepoda	Calanoida	Candaciidae	Candacia	FG8	2.49063888888889	3.16	0	Free	Carnivore	NA	TRUE
AB426068__Candacia_columbiae	Animalia	Animalia	Animalia	Arthropoda	Crustacea	Crustacea	Multicrustacea	Copepoda	Copepoda	Neocopepoda	Gymnoplea	Calanoida	Calanoida	Calanoida	Calanoida	Candaciidae	Candaciidae	Candacia	Candacia	Candacia_columbiae	Copepoda	Calanoida	Candaciidae	Candacia	FG8	3.97777777777778	5	0	Free	Carnivore	NA	TRUE
AB426092__Candacia_tenuimana	Animalia	Animalia	Animalia	Arthropoda	Crustacea	Crustacea	Multicrustacea	Copepoda	Copepoda	Neocopepoda	Gymnoplea	Calanoida	Calanoida	Calanoida	Calanoida	Candaciidae	Candaciidae	Candacia	Candacia	Candacia_tenuimana	NA	NA	NA	NA	NA	NA	NA	NA	NA	NA	NA	FALSE
AB426107__Chiridius_gracilis	Animalia	Animalia	Animalia	Arthropoda	Crustacea	Crustacea	Multicrustacea	Copepoda	Copepoda	Neocopepoda	Gymnoplea	Calanoida	Calanoida	Calanoida	Calanoida	Aetideidae	Aetideidae	Chiridius	Chiridius	Chiridius_gracilis	Copepoda	Calanoida	Aetideidae	Chiridius	FG3	2.626	3.1	1	Sac	Omnivore	Cruise	TRUE
AB426070__Eucalanus_bungii	Animalia	Animalia	Animalia	Arthropoda	Crustacea	Crustacea	Multicrustacea	Copepoda	Copepoda	Neocopepoda	Gymnoplea	Calanoida	Calanoida	Calanoida	Calanoida	Eucalanidae	Eucalanidae	Eucalanus	Eucalanus	Eucalanus_bungii	Copepoda	Calanoida	Eucalanidae	Eucalanus	FG6	6.53	8	1	Free	Omnivore-Herbivore	Current	TRUE
AB426071__Eucalanus_californicus	Animalia	Animalia	Animalia	Arthropoda	Crustacea	Crustacea	Multicrustacea	Copepoda	Copepoda	Neocopepoda	Gymnoplea	Calanoida	Calanoida	Calanoida	Calanoida	Eucalanidae	Eucalanidae	Eucalanus	Eucalanus	Eucalanus_californicus	NA	NA	NA	NA	NA	NA	NA	NA	NA	NA	NA	FALSE
AB426069__Eucalanus_hyalinus	Animalia	Animalia	Animalia	Arthropoda	Crustacea	Crustacea	Multicrustacea	Copepoda	Copepoda	Neocopepoda	Gymnoplea	Calanoida	Calanoida	Calanoida	Calanoida	Eucalanidae	Eucalanidae	Eucalanus	Eucalanus	Eucalanus_hyalinus	Copepoda	Calanoida	Eucalanidae	Eucalanus	FG6	6.25172413793103	8.25	1	Free	Omnivore	Current	TRUE
AB426072__Euchaeta_media	Animalia	Animalia	Animalia	Arthropoda	Crustacea	Crustacea	Multicrustacea	Copepoda	Copepoda	Neocopepoda	Gymnoplea	Calanoida	Calanoida	Calanoida	Calanoida	Euchaetidae	Euchaetidae	Euchaeta	Euchaeta	Euchaeta_media	Copepoda	Calanoida	Euchaetidae	Euchaeta	FG5	3.93944444444444	4.82	1	Sac	Carnivore	Current	TRUE
AB426100__Euchirella_bitumida	Animalia	Animalia	Animalia	Arthropoda	Crustacea	Crustacea	Multicrustacea	Copepoda	Copepoda	Neocopepoda	Gymnoplea	Calanoida	Calanoida	Calanoida	Calanoida	Aetideidae	Aetideidae	Euchirella	Euchirella	Euchirella_bitumida	NA	NA	NA	NA	NA	NA	NA	NA	NA	NA	NA	FALSE
AB426103__Euchirella_curticauda	Animalia	Animalia	Animalia	Arthropoda	Crustacea	Crustacea	Multicrustacea	Copepoda	Copepoda	Neocopepoda	Gymnoplea	Calanoida	Calanoida	Calanoida	Calanoida	Aetideidae	Aetideidae	Euchirella	Euchirella	Euchirella_curticauda	NA	NA	NA	NA	NA	NA	NA	NA	NA	NA	NA	FALSE
AB426097__Euchirella_pulchra	Animalia	Animalia	Animalia	Arthropoda	Crustacea	Crustacea	Multicrustacea	Copepoda	Copepoda	Neocopepoda	Gymnoplea	Calanoida	Calanoida	Calanoida	Calanoida	Aetideidae	Aetideidae	Euchirella	Euchirella	Euchirella_pulchra	NA	NA	NA	NA	NA	NA	NA	NA	NA	NA	NA	FALSE
MN043905__Eurytemora_affinis	Animalia	Animalia	Animalia	Arthropoda	Crustacea	Crustacea	Multicrustacea	Copepoda	Copepoda	Neocopepoda	Gymnoplea	Calanoida	Calanoida	Calanoida	Calanoida	Temoridae	Temoridae	Eurytemora	Eurytemora	Eurytemora_affinis	NA	NA	NA	NA	NA	NA	NA	NA	NA	NA	NA	FALSE
NC_046694__Eurytemora_affinis	Animalia	Animalia	Animalia	Arthropoda	Crustacea	Crustacea	Multicrustacea	Copepoda	Copepoda	Neocopepoda	Gymnoplea	Calanoida	Calanoida	Calanoida	Calanoida	Temoridae	Temoridae	Eurytemora	Eurytemora	Eurytemora_affinis	NA	NA	NA	NA	NA	NA	NA	NA	NA	NA	NA	FALSE
AB426098__Gaetanus_brevispinus	Animalia	Animalia	Animalia	Arthropoda	Crustacea	Crustacea	Multicrustacea	Copepoda	Copepoda	Neocopepoda	Gymnoplea	Calanoida	Calanoida	Calanoida	Calanoida	Aetideidae	Aetideidae	Gaetanus	Gaetanus	Gaetanus_brevispinus	Copepoda	Calanoida	Aetideidae	Gaetanus	FG9	4.34606060606061	4.9	1	Free	Omnivore	NA	TRUE
AB426101__Gaetanus_kruppii	Animalia	Animalia	Animalia	Arthropoda	Crustacea	Crustacea	Multicrustacea	Copepoda	Copepoda	Neocopepoda	Gymnoplea	Calanoida	Calanoida	Calanoida	Calanoida	Aetideidae	Aetideidae	Gaetanus	Gaetanus	Gaetanus_kruppii	Copepoda	Calanoida	Aetideidae	Gaetanus	FG3	4.759375	5.7	1	Free	Omnivore	Cruise	TRUE
AB426073__Heterorhabdus_tanneri	Animalia	Animalia	Animalia	Arthropoda	Crustacea	Crustacea	Multicrustacea	Copepoda	Copepoda	Neocopepoda	Gymnoplea	Calanoida	Calanoida	Calanoida	Calanoida	Heterorhabdidae	Heterorhabdidae	Heterorhabdus	Heterorhabdus	Heterorhabdus_tanneri	Copepoda	Calanoida	Heterorhabdidae	Heterorhabdus	FG8	4.008	4.9	0	Free	Omnivore-Carnivore	Current	TRUE
NC_064109__Labidocera_rotunda	Animalia	Animalia	Animalia	Arthropoda	Crustacea	Crustacea	Multicrustacea	Copepoda	Copepoda	Neocopepoda	Gymnoplea	Calanoida	Calanoida	Calanoida	Calanoida	Pontellidae	Pontellidae	Labidocera	Labidocera	Labidocera_rotunda	NA	NA	NA	NA	NA	NA	NA	NA	NA	NA	NA	FALSE
AY625897__Lepeophtheirus_salmonis	Animalia	Animalia	Animalia	Arthropoda	Crustacea	Crustacea	Multicrustacea	Copepoda	Copepoda	Neocopepoda	Podoplea	Siphonostomatoida	Siphonostomatoida	Siphonostomatoida	Siphonostomatoida	Caligidae	Caligidae	Lepeophtheirus	Lepeophtheirus	Lepeophtheirus_salmonis	NA	NA	NA	NA	NA	NA	NA	NA	NA	NA	NA	FALSE
EU288200__Lepeophtheirus_salmonis	Animalia	Animalia	Animalia	Arthropoda	Crustacea	Crustacea	Multicrustacea	Copepoda	Copepoda	Neocopepoda	Podoplea	Siphonostomatoida	Siphonostomatoida	Siphonostomatoida	Siphonostomatoida	Caligidae	Caligidae	Lepeophtheirus	Lepeophtheirus	Lepeophtheirus_salmonis	NA	NA	NA	NA	NA	NA	NA	NA	NA	NA	NA	FALSE
HG994595__Lepeophtheirus_salmonis	Animalia	Animalia	Animalia	Arthropoda	Crustacea	Crustacea	Multicrustacea	Copepoda	Copepoda	Neocopepoda	Podoplea	Siphonostomatoida	Siphonostomatoida	Siphonostomatoida	Siphonostomatoida	Caligidae	Caligidae	Lepeophtheirus	Lepeophtheirus	Lepeophtheirus_salmonis	NA	NA	NA	NA	NA	NA	NA	NA	NA	NA	NA	FALSE
LR794199__Lepeophtheirus_salmonis	Animalia	Animalia	Animalia	Arthropoda	Crustacea	Crustacea	Multicrustacea	Copepoda	Copepoda	Neocopepoda	Podoplea	Siphonostomatoida	Siphonostomatoida	Siphonostomatoida	Siphonostomatoida	Caligidae	Caligidae	Lepeophtheirus	Lepeophtheirus	Lepeophtheirus_salmonis	NA	NA	NA	NA	NA	NA	NA	NA	NA	NA	NA	FALSE
NC_056769__Lepeophtheirus_salmonis	Animalia	Animalia	Animalia	Arthropoda	Crustacea	Crustacea	Multicrustacea	Copepoda	Copepoda	Neocopepoda	Podoplea	Siphonostomatoida	Siphonostomatoida	Siphonostomatoida	Siphonostomatoida	Caligidae	Caligidae	Lepeophtheirus	Lepeophtheirus	Lepeophtheirus_salmonis	NA	NA	NA	NA	NA	NA	NA	NA	NA	NA	NA	FALSE
AB426086__Lophothrix_frontalis	Animalia	Animalia	Animalia	Arthropoda	Crustacea	Crustacea	Multicrustacea	Copepoda	Copepoda	Neocopepoda	Gymnoplea	Calanoida	Calanoida	Calanoida	Calanoida	Scolecitrichidae	Scolecitrichidae	Lophothrix	Lophothrix	Lophothrix_frontalis	NA	NA	NA	NA	NA	NA	NA	NA	NA	NA	NA	FALSE
AB426088__Mesocalanus_tenuicornis	Animalia	Animalia	Animalia	Arthropoda	Crustacea	Crustacea	Multicrustacea	Copepoda	Copepoda	Neocopepoda	Gymnoplea	Calanoida	Calanoida	Calanoida	Calanoida	Calanidae	Calanidae	Mesocalanus	Mesocalanus	Mesocalanus_tenuicornis	Copepoda	Calanoida	Calanidae	Mesocalanus	FG7	2.02703703703704	3.4	1	Free	Omnivore-Herbivore	Current	TRUE
AB426091__Metridia_asymmetrica	Animalia	Animalia	Animalia	Arthropoda	Crustacea	Crustacea	Multicrustacea	Copepoda	Copepoda	Neocopepoda	Gymnoplea	Calanoida	Calanoida	Calanoida	Calanoida	Metridinidae	Metridinidae	Metridia	Metridia	Metridia_asymmetrica	NA	NA	NA	NA	NA	NA	NA	NA	NA	NA	NA	FALSE
AB426106__Metridia_lucens	Animalia	Animalia	Animalia	Arthropoda	Crustacea	Crustacea	Multicrustacea	Copepoda	Copepoda	Neocopepoda	Gymnoplea	Calanoida	Calanoida	Calanoida	Calanoida	Metridinidae	Metridinidae	Metridia	Metridia	Metridia_lucens	Copepoda	Calanoida	Metridinidae	Metridia	FG3	2.613	2.8	0	Free	Omnivore	Cruise	TRUE
AB426074__Metridia_okhotensis	Animalia	Animalia	Animalia	Arthropoda	Crustacea	Crustacea	Multicrustacea	Copepoda	Copepoda	Neocopepoda	Gymnoplea	Calanoida	Calanoida	Calanoida	Calanoida	Metridinidae	Metridinidae	Metridia	Metridia	Metridia_okhotensis	Copepoda	Calanoida	Metridinidae	Metridia	FG3	4.41	4.8	0	Free	Omnivore	Cruise	TRUE
AB426075__Metridia_pacifica	Animalia	Animalia	Animalia	Arthropoda	Crustacea	Crustacea	Multicrustacea	Copepoda	Copepoda	Neocopepoda	Gymnoplea	Calanoida	Calanoida	Calanoida	Calanoida	Metridinidae	Metridinidae	Metridia	Metridia	Metridia_pacifica	Copepoda	Calanoida	Metridinidae	Metridia	FG3	2.94727272727273	3.45	0	Free	Omnivore	Cruise	TRUE
AB426090__Metridia_venusta	Animalia	Animalia	Animalia	Arthropoda	Crustacea	Crustacea	Multicrustacea	Copepoda	Copepoda	Neocopepoda	Gymnoplea	Calanoida	Calanoida	Calanoida	Calanoida	Metridinidae	Metridinidae	Metridia	Metridia	Metridia_venusta	Copepoda	Calanoida	Metridinidae	Metridia	FG3	2.89083333333333	3.15	0	Free	Omnivore	Cruise	TRUE
AB457112__Monothula_subtilis	Animalia	Animalia	Animalia	Arthropoda	Crustacea	Crustacea	Multicrustacea	Copepoda	Copepoda	Neocopepoda	Podoplea	Cyclopoida	Ergasilida	Ergasilida	Ergasilida	Oncaeidae	Oncaeidae	Monothula	Monothula	Monothula_subtilis	Copepoda	Cyclopoida	Oncaeidae	Monothula	FG2	0.518	0.69	0	Sac	Omnivore-Detritivore	Cruise	TRUE
AB457113__Monothula_subtilis	Animalia	Animalia	Animalia	Arthropoda	Crustacea	Crustacea	Multicrustacea	Copepoda	Copepoda	Neocopepoda	Podoplea	Cyclopoida	Ergasilida	Ergasilida	Ergasilida	Oncaeidae	Oncaeidae	Monothula	Monothula	Monothula_subtilis	Copepoda	Cyclopoida	Oncaeidae	Monothula	FG2	0.518	0.69	0	Sac	Omnivore-Detritivore	Cruise	TRUE
AB457114__Monothula_subtilis	Animalia	Animalia	Animalia	Arthropoda	Crustacea	Crustacea	Multicrustacea	Copepoda	Copepoda	Neocopepoda	Podoplea	Cyclopoida	Ergasilida	Ergasilida	Ergasilida	Oncaeidae	Oncaeidae	Monothula	Monothula	Monothula_subtilis	Copepoda	Cyclopoida	Oncaeidae	Monothula	FG2	0.518	0.69	0	Sac	Omnivore-Detritivore	Cruise	TRUE
AB426076__Neocalanus_cristatus	Animalia	Animalia	Animalia	Arthropoda	Crustacea	Crustacea	Multicrustacea	Copepoda	Copepoda	Neocopepoda	Gymnoplea	Calanoida	Calanoida	Calanoida	Calanoida	Calanidae	Calanidae	Neocalanus	Neocalanus	Neocalanus_cristatus	Copepoda	Calanoida	Calanidae	Neocalanus	FG6	8.91	10.4	1	Free	Omnivore-Herbivore	Current	TRUE
AB526924__Neocalanus_cristatus	Animalia	Animalia	Animalia	Arthropoda	Crustacea	Crustacea	Multicrustacea	Copepoda	Copepoda	Neocopepoda	Gymnoplea	Calanoida	Calanoida	Calanoida	Calanoida	Calanidae	Calanidae	Neocalanus	Neocalanus	Neocalanus_cristatus	Copepoda	Calanoida	Calanidae	Neocalanus	FG6	8.91	10.4	1	Free	Omnivore-Herbivore	Current	TRUE
AB526925__Neocalanus_cristatus	Animalia	Animalia	Animalia	Arthropoda	Crustacea	Crustacea	Multicrustacea	Copepoda	Copepoda	Neocopepoda	Gymnoplea	Calanoida	Calanoida	Calanoida	Calanoida	Calanidae	Calanidae	Neocalanus	Neocalanus	Neocalanus_cristatus	Copepoda	Calanoida	Calanidae	Neocalanus	FG6	8.91	10.4	1	Free	Omnivore-Herbivore	Current	TRUE
AB526926__Neocalanus_cristatus	Animalia	Animalia	Animalia	Arthropoda	Crustacea	Crustacea	Multicrustacea	Copepoda	Copepoda	Neocopepoda	Gymnoplea	Calanoida	Calanoida	Calanoida	Calanoida	Calanidae	Calanidae	Neocalanus	Neocalanus	Neocalanus_cristatus	Copepoda	Calanoida	Calanidae	Neocalanus	FG6	8.91	10.4	1	Free	Omnivore-Herbivore	Current	TRUE
AB526927__Neocalanus_cristatus	Animalia	Animalia	Animalia	Arthropoda	Crustacea	Crustacea	Multicrustacea	Copepoda	Copepoda	Neocopepoda	Gymnoplea	Calanoida	Calanoida	Calanoida	Calanoida	Calanidae	Calanidae	Neocalanus	Neocalanus	Neocalanus_cristatus	Copepoda	Calanoida	Calanidae	Neocalanus	FG6	8.91	10.4	1	Free	Omnivore-Herbivore	Current	TRUE
AB526928__Neocalanus_cristatus	Animalia	Animalia	Animalia	Arthropoda	Crustacea	Crustacea	Multicrustacea	Copepoda	Copepoda	Neocopepoda	Gymnoplea	Calanoida	Calanoida	Calanoida	Calanoida	Calanidae	Calanidae	Neocalanus	Neocalanus	Neocalanus_cristatus	Copepoda	Calanoida	Calanidae	Neocalanus	FG6	8.91	10.4	1	Free	Omnivore-Herbivore	Current	TRUE
AB526929__Neocalanus_cristatus	Animalia	Animalia	Animalia	Arthropoda	Crustacea	Crustacea	Multicrustacea	Copepoda	Copepoda	Neocopepoda	Gymnoplea	Calanoida	Calanoida	Calanoida	Calanoida	Calanidae	Calanidae	Neocalanus	Neocalanus	Neocalanus_cristatus	Copepoda	Calanoida	Calanidae	Neocalanus	FG6	8.91	10.4	1	Free	Omnivore-Herbivore	Current	TRUE
AB526930__Neocalanus_cristatus	Animalia	Animalia	Animalia	Arthropoda	Crustacea	Crustacea	Multicrustacea	Copepoda	Copepoda	Neocopepoda	Gymnoplea	Calanoida	Calanoida	Calanoida	Calanoida	Calanidae	Calanidae	Neocalanus	Neocalanus	Neocalanus_cristatus	Copepoda	Calanoida	Calanidae	Neocalanus	FG6	8.91	10.4	1	Free	Omnivore-Herbivore	Current	TRUE
AB526931__Neocalanus_cristatus	Animalia	Animalia	Animalia	Arthropoda	Crustacea	Crustacea	Multicrustacea	Copepoda	Copepoda	Neocopepoda	Gymnoplea	Calanoida	Calanoida	Calanoida	Calanoida	Calanidae	Calanidae	Neocalanus	Neocalanus	Neocalanus_cristatus	Copepoda	Calanoida	Calanidae	Neocalanus	FG6	8.91	10.4	1	Free	Omnivore-Herbivore	Current	TRUE
AB426078__Neocalanus_flemingeri	Animalia	Animalia	Animalia	Arthropoda	Crustacea	Crustacea	Multicrustacea	Copepoda	Copepoda	Neocopepoda	Gymnoplea	Calanoida	Calanoida	Calanoida	Calanoida	Calanidae	Calanidae	Neocalanus	Neocalanus	Neocalanus_flemingeri	NA	NA	NA	NA	NA	NA	NA	NA	NA	NA	NA	FALSE
AB526906__Neocalanus_flemingeri	Animalia	Animalia	Animalia	Arthropoda	Crustacea	Crustacea	Multicrustacea	Copepoda	Copepoda	Neocopepoda	Gymnoplea	Calanoida	Calanoida	Calanoida	Calanoida	Calanidae	Calanidae	Neocalanus	Neocalanus	Neocalanus_flemingeri	NA	NA	NA	NA	NA	NA	NA	NA	NA	NA	NA	FALSE
AB526907__Neocalanus_flemingeri	Animalia	Animalia	Animalia	Arthropoda	Crustacea	Crustacea	Multicrustacea	Copepoda	Copepoda	Neocopepoda	Gymnoplea	Calanoida	Calanoida	Calanoida	Calanoida	Calanidae	Calanidae	Neocalanus	Neocalanus	Neocalanus_flemingeri	NA	NA	NA	NA	NA	NA	NA	NA	NA	NA	NA	FALSE
AB526908__Neocalanus_flemingeri	Animalia	Animalia	Animalia	Arthropoda	Crustacea	Crustacea	Multicrustacea	Copepoda	Copepoda	Neocopepoda	Gymnoplea	Calanoida	Calanoida	Calanoida	Calanoida	Calanidae	Calanidae	Neocalanus	Neocalanus	Neocalanus_flemingeri	NA	NA	NA	NA	NA	NA	NA	NA	NA	NA	NA	FALSE
AB526909__Neocalanus_flemingeri	Animalia	Animalia	Animalia	Arthropoda	Crustacea	Crustacea	Multicrustacea	Copepoda	Copepoda	Neocopepoda	Gymnoplea	Calanoida	Calanoida	Calanoida	Calanoida	Calanidae	Calanidae	Neocalanus	Neocalanus	Neocalanus_flemingeri	NA	NA	NA	NA	NA	NA	NA	NA	NA	NA	NA	FALSE
AB526910__Neocalanus_flemingeri	Animalia	Animalia	Animalia	Arthropoda	Crustacea	Crustacea	Multicrustacea	Copepoda	Copepoda	Neocopepoda	Gymnoplea	Calanoida	Calanoida	Calanoida	Calanoida	Calanidae	Calanidae	Neocalanus	Neocalanus	Neocalanus_flemingeri	NA	NA	NA	NA	NA	NA	NA	NA	NA	NA	NA	FALSE
AB526911__Neocalanus_flemingeri	Animalia	Animalia	Animalia	Arthropoda	Crustacea	Crustacea	Multicrustacea	Copepoda	Copepoda	Neocopepoda	Gymnoplea	Calanoida	Calanoida	Calanoida	Calanoida	Calanidae	Calanidae	Neocalanus	Neocalanus	Neocalanus_flemingeri	NA	NA	NA	NA	NA	NA	NA	NA	NA	NA	NA	FALSE
AB526912__Neocalanus_flemingeri	Animalia	Animalia	Animalia	Arthropoda	Crustacea	Crustacea	Multicrustacea	Copepoda	Copepoda	Neocopepoda	Gymnoplea	Calanoida	Calanoida	Calanoida	Calanoida	Calanidae	Calanidae	Neocalanus	Neocalanus	Neocalanus_flemingeri	NA	NA	NA	NA	NA	NA	NA	NA	NA	NA	NA	FALSE
AB526913__Neocalanus_flemingeri	Animalia	Animalia	Animalia	Arthropoda	Crustacea	Crustacea	Multicrustacea	Copepoda	Copepoda	Neocopepoda	Gymnoplea	Calanoida	Calanoida	Calanoida	Calanoida	Calanidae	Calanidae	Neocalanus	Neocalanus	Neocalanus_flemingeri	NA	NA	NA	NA	NA	NA	NA	NA	NA	NA	NA	FALSE
AB526914__Neocalanus_flemingeri	Animalia	Animalia	Animalia	Arthropoda	Crustacea	Crustacea	Multicrustacea	Copepoda	Copepoda	Neocopepoda	Gymnoplea	Calanoida	Calanoida	Calanoida	Calanoida	Calanidae	Calanidae	Neocalanus	Neocalanus	Neocalanus_flemingeri	NA	NA	NA	NA	NA	NA	NA	NA	NA	NA	NA	FALSE
AB526915__Neocalanus_flemingeri	Animalia	Animalia	Animalia	Arthropoda	Crustacea	Crustacea	Multicrustacea	Copepoda	Copepoda	Neocopepoda	Gymnoplea	Calanoida	Calanoida	Calanoida	Calanoida	Calanidae	Calanidae	Neocalanus	Neocalanus	Neocalanus_flemingeri	NA	NA	NA	NA	NA	NA	NA	NA	NA	NA	NA	FALSE
AB526916__Neocalanus_flemingeri	Animalia	Animalia	Animalia	Arthropoda	Crustacea	Crustacea	Multicrustacea	Copepoda	Copepoda	Neocopepoda	Gymnoplea	Calanoida	Calanoida	Calanoida	Calanoida	Calanidae	Calanidae	Neocalanus	Neocalanus	Neocalanus_flemingeri	NA	NA	NA	NA	NA	NA	NA	NA	NA	NA	NA	FALSE
AB526917__Neocalanus_flemingeri	Animalia	Animalia	Animalia	Arthropoda	Crustacea	Crustacea	Multicrustacea	Copepoda	Copepoda	Neocopepoda	Gymnoplea	Calanoida	Calanoida	Calanoida	Calanoida	Calanidae	Calanidae	Neocalanus	Neocalanus	Neocalanus_flemingeri	NA	NA	NA	NA	NA	NA	NA	NA	NA	NA	NA	FALSE
AB526918__Neocalanus_flemingeri	Animalia	Animalia	Animalia	Arthropoda	Crustacea	Crustacea	Multicrustacea	Copepoda	Copepoda	Neocopepoda	Gymnoplea	Calanoida	Calanoida	Calanoida	Calanoida	Calanidae	Calanidae	Neocalanus	Neocalanus	Neocalanus_flemingeri	NA	NA	NA	NA	NA	NA	NA	NA	NA	NA	NA	FALSE
AB526919__Neocalanus_flemingeri	Animalia	Animalia	Animalia	Arthropoda	Crustacea	Crustacea	Multicrustacea	Copepoda	Copepoda	Neocopepoda	Gymnoplea	Calanoida	Calanoida	Calanoida	Calanoida	Calanidae	Calanidae	Neocalanus	Neocalanus	Neocalanus_flemingeri	NA	NA	NA	NA	NA	NA	NA	NA	NA	NA	NA	FALSE
AB526920__Neocalanus_flemingeri	Animalia	Animalia	Animalia	Arthropoda	Crustacea	Crustacea	Multicrustacea	Copepoda	Copepoda	Neocopepoda	Gymnoplea	Calanoida	Calanoida	Calanoida	Calanoida	Calanidae	Calanidae	Neocalanus	Neocalanus	Neocalanus_flemingeri	NA	NA	NA	NA	NA	NA	NA	NA	NA	NA	NA	FALSE
AB526921__Neocalanus_flemingeri	Animalia	Animalia	Animalia	Arthropoda	Crustacea	Crustacea	Multicrustacea	Copepoda	Copepoda	Neocopepoda	Gymnoplea	Calanoida	Calanoida	Calanoida	Calanoida	Calanidae	Calanidae	Neocalanus	Neocalanus	Neocalanus_flemingeri	NA	NA	NA	NA	NA	NA	NA	NA	NA	NA	NA	FALSE
AB526922__Neocalanus_flemingeri	Animalia	Animalia	Animalia	Arthropoda	Crustacea	Crustacea	Multicrustacea	Copepoda	Copepoda	Neocopepoda	Gymnoplea	Calanoida	Calanoida	Calanoida	Calanoida	Calanidae	Calanidae	Neocalanus	Neocalanus	Neocalanus_flemingeri	NA	NA	NA	NA	NA	NA	NA	NA	NA	NA	NA	FALSE
AB526923__Neocalanus_flemingeri	Animalia	Animalia	Animalia	Arthropoda	Crustacea	Crustacea	Multicrustacea	Copepoda	Copepoda	Neocopepoda	Gymnoplea	Calanoida	Calanoida	Calanoida	Calanoida	Calanidae	Calanidae	Neocalanus	Neocalanus	Neocalanus_flemingeri	NA	NA	NA	NA	NA	NA	NA	NA	NA	NA	NA	FALSE
AB426077__Neocalanus_plumchrus	Animalia	Animalia	Animalia	Arthropoda	Crustacea	Crustacea	Multicrustacea	Copepoda	Copepoda	Neocopepoda	Gymnoplea	Calanoida	Calanoida	Calanoida	Calanoida	Calanidae	Calanidae	Neocalanus	Neocalanus	Neocalanus_plumchrus	Copepoda	Calanoida	Calanidae	Neocalanus	FG6	5.0075	6.32	1	Free	Omnivore-Herbivore	Current	TRUE
AB526932__Neocalanus_plumchrus	Animalia	Animalia	Animalia	Arthropoda	Crustacea	Crustacea	Multicrustacea	Copepoda	Copepoda	Neocopepoda	Gymnoplea	Calanoida	Calanoida	Calanoida	Calanoida	Calanidae	Calanidae	Neocalanus	Neocalanus	Neocalanus_plumchrus	Copepoda	Calanoida	Calanidae	Neocalanus	FG6	5.0075	6.32	1	Free	Omnivore-Herbivore	Current	TRUE
AB526933__Neocalanus_plumchrus	Animalia	Animalia	Animalia	Arthropoda	Crustacea	Crustacea	Multicrustacea	Copepoda	Copepoda	Neocopepoda	Gymnoplea	Calanoida	Calanoida	Calanoida	Calanoida	Calanidae	Calanidae	Neocalanus	Neocalanus	Neocalanus_plumchrus	Copepoda	Calanoida	Calanidae	Neocalanus	FG6	5.0075	6.32	1	Free	Omnivore-Herbivore	Current	TRUE
AB526934__Neocalanus_plumchrus	Animalia	Animalia	Animalia	Arthropoda	Crustacea	Crustacea	Multicrustacea	Copepoda	Copepoda	Neocopepoda	Gymnoplea	Calanoida	Calanoida	Calanoida	Calanoida	Calanidae	Calanidae	Neocalanus	Neocalanus	Neocalanus_plumchrus	Copepoda	Calanoida	Calanidae	Neocalanus	FG6	5.0075	6.32	1	Free	Omnivore-Herbivore	Current	TRUE
AB526935__Neocalanus_plumchrus	Animalia	Animalia	Animalia	Arthropoda	Crustacea	Crustacea	Multicrustacea	Copepoda	Copepoda	Neocopepoda	Gymnoplea	Calanoida	Calanoida	Calanoida	Calanoida	Calanidae	Calanidae	Neocalanus	Neocalanus	Neocalanus_plumchrus	Copepoda	Calanoida	Calanidae	Neocalanus	FG6	5.0075	6.32	1	Free	Omnivore-Herbivore	Current	TRUE
AB526936__Neocalanus_plumchrus	Animalia	Animalia	Animalia	Arthropoda	Crustacea	Crustacea	Multicrustacea	Copepoda	Copepoda	Neocopepoda	Gymnoplea	Calanoida	Calanoida	Calanoida	Calanoida	Calanidae	Calanidae	Neocalanus	Neocalanus	Neocalanus_plumchrus	Copepoda	Calanoida	Calanidae	Neocalanus	FG6	5.0075	6.32	1	Free	Omnivore-Herbivore	Current	TRUE
AB526937__Neocalanus_plumchrus	Animalia	Animalia	Animalia	Arthropoda	Crustacea	Crustacea	Multicrustacea	Copepoda	Copepoda	Neocopepoda	Gymnoplea	Calanoida	Calanoida	Calanoida	Calanoida	Calanidae	Calanidae	Neocalanus	Neocalanus	Neocalanus_plumchrus	Copepoda	Calanoida	Calanidae	Neocalanus	FG6	5.0075	6.32	1	Free	Omnivore-Herbivore	Current	TRUE
AB526938__Neocalanus_plumchrus	Animalia	Animalia	Animalia	Arthropoda	Crustacea	Crustacea	Multicrustacea	Copepoda	Copepoda	Neocopepoda	Gymnoplea	Calanoida	Calanoida	Calanoida	Calanoida	Calanidae	Calanidae	Neocalanus	Neocalanus	Neocalanus_plumchrus	Copepoda	Calanoida	Calanidae	Neocalanus	FG6	5.0075	6.32	1	Free	Omnivore-Herbivore	Current	TRUE
AB426095__Nullosetigera_helgae	Animalia	Animalia	Animalia	Arthropoda	Crustacea	Crustacea	Multicrustacea	Copepoda	Copepoda	Neocopepoda	Gymnoplea	Calanoida	Calanoida	Calanoida	Calanoida	Nullosetigeridae	Nullosetigeridae	Nullosetigera	Nullosetigera	Nullosetigera_helgae	Copepoda	Calanoida	Nullosetigeridae	Nullosetigera	NA	2.382	2.9	0	Sac	NA	NA	TRUE
AB457125__Oncaea_crypta	Animalia	Animalia	Animalia	Arthropoda	Crustacea	Crustacea	Multicrustacea	Copepoda	Copepoda	Neocopepoda	Podoplea	Cyclopoida	Ergasilida	Ergasilida	Ergasilida	Oncaeidae	Oncaeidae	Oncaea	Oncaea	Oncaea_crypta	NA	NA	NA	NA	NA	NA	NA	NA	NA	NA	NA	FALSE
AB457115__Oncaea_ornata	Animalia	Animalia	Animalia	Arthropoda	Crustacea	Crustacea	Multicrustacea	Copepoda	Copepoda	Neocopepoda	Podoplea	Cyclopoida	Ergasilida	Ergasilida	Ergasilida	Oncaeidae	Oncaeidae	Oncaea	Oncaea	Oncaea_ornata	Copepoda	Cyclopoida	Oncaeidae	Oncaea	FG2	0.875384615384615	1.07	0	Sac	Omnivore-Detritivore	Cruise	TRUE
AB457116__Oncaea_ornata	Animalia	Animalia	Animalia	Arthropoda	Crustacea	Crustacea	Multicrustacea	Copepoda	Copepoda	Neocopepoda	Podoplea	Cyclopoida	Ergasilida	Ergasilida	Ergasilida	Oncaeidae	Oncaeidae	Oncaea	Oncaea	Oncaea_ornata	Copepoda	Cyclopoida	Oncaeidae	Oncaea	FG2	0.875384615384615	1.07	0	Sac	Omnivore-Detritivore	Cruise	TRUE
AB457117__Oncaea_ornata	Animalia	Animalia	Animalia	Arthropoda	Crustacea	Crustacea	Multicrustacea	Copepoda	Copepoda	Neocopepoda	Podoplea	Cyclopoida	Ergasilida	Ergasilida	Ergasilida	Oncaeidae	Oncaeidae	Oncaea	Oncaea	Oncaea_ornata	Copepoda	Cyclopoida	Oncaeidae	Oncaea	FG2	0.875384615384615	1.07	0	Sac	Omnivore-Detritivore	Cruise	TRUE
AB457091__Oncaea_ovalis	Animalia	Animalia	Animalia	Arthropoda	Crustacea	Crustacea	Multicrustacea	Copepoda	Copepoda	Neocopepoda	Podoplea	Cyclopoida	Ergasilida	Ergasilida	Ergasilida	Oncaeidae	Oncaeidae	Oncaea	Oncaea	Oncaea_ovalis	Copepoda	Cyclopoida	Oncaeidae	Oncaea	FG2	0.464	0.54	0	Sac	Omnivore-Detritivore	Cruise	TRUE
AB457122__Oncaea_parabathyalis	Animalia	Animalia	Animalia	Arthropoda	Crustacea	Crustacea	Multicrustacea	Copepoda	Copepoda	Neocopepoda	Podoplea	Cyclopoida	Ergasilida	Ergasilida	Ergasilida	Oncaeidae	Oncaeidae	Oncaea	Oncaea	Oncaea_parabathyalis	NA	NA	NA	NA	NA	NA	NA	NA	NA	NA	NA	FALSE
AB457119__Oncaea_prendeli	Animalia	Animalia	Animalia	Arthropoda	Crustacea	Crustacea	Multicrustacea	Copepoda	Copepoda	Neocopepoda	Podoplea	Cyclopoida	Ergasilida	Ergasilida	Ergasilida	Oncaeidae	Oncaeidae	Oncaea	Oncaea	Oncaea_prendeli	NA	NA	NA	NA	NA	NA	NA	NA	NA	NA	NA	FALSE
AB457120__Oncaea_prendeli	Animalia	Animalia	Animalia	Arthropoda	Crustacea	Crustacea	Multicrustacea	Copepoda	Copepoda	Neocopepoda	Podoplea	Cyclopoida	Ergasilida	Ergasilida	Ergasilida	Oncaeidae	Oncaeidae	Oncaea	Oncaea	Oncaea_prendeli	NA	NA	NA	NA	NA	NA	NA	NA	NA	NA	NA	FALSE
AB457121__Oncaea_prendeli	Animalia	Animalia	Animalia	Arthropoda	Crustacea	Crustacea	Multicrustacea	Copepoda	Copepoda	Neocopepoda	Podoplea	Cyclopoida	Ergasilida	Ergasilida	Ergasilida	Oncaeidae	Oncaeidae	Oncaea	Oncaea	Oncaea_prendeli	NA	NA	NA	NA	NA	NA	NA	NA	NA	NA	NA	FALSE
AB457096__Oncaea_scottodicarloi	Animalia	Animalia	Animalia	Arthropoda	Crustacea	Crustacea	Multicrustacea	Copepoda	Copepoda	Neocopepoda	Podoplea	Cyclopoida	Ergasilida	Ergasilida	Ergasilida	Oncaeidae	Oncaeidae	Oncaea	Oncaea	Oncaea_scottodicarloi	Copepoda	Cyclopoida	Oncaeidae	Oncaea	FG2	0.615875	0.78	0	Sac	Omnivore-Detritivore	Cruise	TRUE
AB457097__Oncaea_scottodicarloi	Animalia	Animalia	Animalia	Arthropoda	Crustacea	Crustacea	Multicrustacea	Copepoda	Copepoda	Neocopepoda	Podoplea	Cyclopoida	Ergasilida	Ergasilida	Ergasilida	Oncaeidae	Oncaeidae	Oncaea	Oncaea	Oncaea_scottodicarloi	Copepoda	Cyclopoida	Oncaeidae	Oncaea	FG2	0.615875	0.78	0	Sac	Omnivore-Detritivore	Cruise	TRUE
AB457118__Oncaea_shmelevi	Animalia	Animalia	Animalia	Arthropoda	Crustacea	Crustacea	Multicrustacea	Copepoda	Copepoda	Neocopepoda	Podoplea	Cyclopoida	Ergasilida	Ergasilida	Ergasilida	Oncaeidae	Oncaeidae	Oncaea	Oncaea	Oncaea_shmelevi	Copepoda	Cyclopoida	Oncaeidae	Oncaea	FG2	0.695	0.72	0	Sac	Omnivore-Detritivore	Cruise	TRUE
AB457126__Oncaea_tregoubovi	Animalia	Animalia	Animalia	Arthropoda	Crustacea	Crustacea	Multicrustacea	Copepoda	Copepoda	Neocopepoda	Podoplea	Cyclopoida	Ergasilida	Ergasilida	Ergasilida	Oncaeidae	Oncaeidae	Oncaea	Oncaea	Oncaea_tregoubovi	NA	NA	NA	NA	NA	NA	NA	NA	NA	NA	NA	FALSE
AB457127__Oncaea_tregoubovi	Animalia	Animalia	Animalia	Arthropoda	Crustacea	Crustacea	Multicrustacea	Copepoda	Copepoda	Neocopepoda	Podoplea	Cyclopoida	Ergasilida	Ergasilida	Ergasilida	Oncaeidae	Oncaeidae	Oncaea	Oncaea	Oncaea_tregoubovi	NA	NA	NA	NA	NA	NA	NA	NA	NA	NA	NA	FALSE
AB457094__Oncaea_venusta_typica	Animalia	Animalia	Animalia	Arthropoda	Crustacea	Crustacea	Multicrustacea	Copepoda	Copepoda	Neocopepoda	Podoplea	Cyclopoida	Ergasilida	Ergasilida	Ergasilida	Oncaeidae	Oncaeidae	Oncaea	Oncaea	Oncaea_venusta_typica	NA	NA	NA	NA	NA	NA	NA	NA	NA	NA	NA	FALSE
AB457095__Oncaea_venusta_typica	Animalia	Animalia	Animalia	Arthropoda	Crustacea	Crustacea	Multicrustacea	Copepoda	Copepoda	Neocopepoda	Podoplea	Cyclopoida	Ergasilida	Ergasilida	Ergasilida	Oncaeidae	Oncaeidae	Oncaea	Oncaea	Oncaea_venusta_typica	NA	NA	NA	NA	NA	NA	NA	NA	NA	NA	NA	FALSE
AB457098__Oncaea_waldemari	Animalia	Animalia	Animalia	Arthropoda	Crustacea	Crustacea	Multicrustacea	Copepoda	Copepoda	Neocopepoda	Podoplea	Cyclopoida	Ergasilida	Ergasilida	Ergasilida	Oncaeidae	Oncaeidae	Oncaea	Oncaea	Oncaea_waldemari	Copepoda	Cyclopoida	Oncaeidae	Oncaea	FG2	0.505833333333333	0.58	0	Sac	Omnivore-Detritivore	Cruise	TRUE
AB457099__Oncaea_waldemari	Animalia	Animalia	Animalia	Arthropoda	Crustacea	Crustacea	Multicrustacea	Copepoda	Copepoda	Neocopepoda	Podoplea	Cyclopoida	Ergasilida	Ergasilida	Ergasilida	Oncaeidae	Oncaeidae	Oncaea	Oncaea	Oncaea_waldemari	Copepoda	Cyclopoida	Oncaeidae	Oncaea	FG2	0.505833333333333	0.58	0	Sac	Omnivore-Detritivore	Cruise	TRUE
AB457092__Oncaea_zernovi	Animalia	Animalia	Animalia	Arthropoda	Crustacea	Crustacea	Multicrustacea	Copepoda	Copepoda	Neocopepoda	Podoplea	Cyclopoida	Ergasilida	Ergasilida	Ergasilida	Oncaeidae	Oncaeidae	Oncaea	Oncaea	Oncaea_zernovi	NA	NA	NA	NA	NA	NA	NA	NA	NA	NA	NA	FALSE
AB457093__Oncaea_zernovi	Animalia	Animalia	Animalia	Arthropoda	Crustacea	Crustacea	Multicrustacea	Copepoda	Copepoda	Neocopepoda	Podoplea	Cyclopoida	Ergasilida	Ergasilida	Ergasilida	Oncaeidae	Oncaeidae	Oncaea	Oncaea	Oncaea_zernovi	NA	NA	NA	NA	NA	NA	NA	NA	NA	NA	NA	FALSE
AB426104__Paraheterorhabdus_compactus	Animalia	Animalia	Animalia	Arthropoda	Crustacea	Crustacea	Multicrustacea	Copepoda	Copepoda	Neocopepoda	Gymnoplea	Calanoida	Calanoida	Calanoida	Calanoida	Heterorhabdidae	Heterorhabdidae	Paraheterorhabdus	Paraheterorhabdus	Paraheterorhabdus_compactus	Copepoda	Calanoida	Heterorhabdidae	Paraheterorhabdus	FG8	2.90142857142857	3.5	0	Free	Omnivore-Carnivore	NA	TRUE
AB426105__Paraheterorhabdus_illgi	Animalia	Animalia	Animalia	Arthropoda	Crustacea	Crustacea	Multicrustacea	Copepoda	Copepoda	Neocopepoda	Gymnoplea	Calanoida	Calanoida	Calanoida	Calanoida	Heterorhabdidae	Heterorhabdidae	Paraheterorhabdus	Paraheterorhabdus	Paraheterorhabdus_illgi	NA	NA	NA	NA	NA	NA	NA	NA	NA	NA	NA	FALSE
AB426079__Pareucalanus_sewelli	Animalia	Animalia	Animalia	Arthropoda	Crustacea	Crustacea	Multicrustacea	Copepoda	Copepoda	Neocopepoda	Gymnoplea	Calanoida	Calanoida	Calanoida	Calanoida	Eucalanidae	Eucalanidae	Pareucalanus	Pareucalanus	Pareucalanus_sewelli	Copepoda	Calanoida	Eucalanidae	Pareucalanus	FG6	4.618	6.1	1	Free	Omnivore-Herbivore	Current	TRUE
AB426080__Pleuromamma_abdominalis	Animalia	Animalia	Animalia	Arthropoda	Crustacea	Crustacea	Multicrustacea	Copepoda	Copepoda	Neocopepoda	Gymnoplea	Calanoida	Calanoida	Calanoida	Calanoida	Metridinidae	Metridinidae	Pleuromamma	Pleuromamma	Pleuromamma_abdominalis	Copepoda	Calanoida	Metridinidae	Pleuromamma	FG9	3.1677358490566	4.5	0	Free	Omnivore	Current	TRUE
AB426109__Pleuromamma_piseki	Animalia	Animalia	Animalia	Arthropoda	Crustacea	Crustacea	Multicrustacea	Copepoda	Copepoda	Neocopepoda	Gymnoplea	Calanoida	Calanoida	Calanoida	Calanoida	Metridinidae	Metridinidae	Pleuromamma	Pleuromamma	Pleuromamma_piseki	Copepoda	Calanoida	Metridinidae	Pleuromamma	FG9	1.94344827586207	2.4	0	Free	Omnivore	Current	TRUE
AB426082__Pleuromamma_scutullata	Animalia	Animalia	Animalia	Arthropoda	Crustacea	Crustacea	Multicrustacea	Copepoda	Copepoda	Neocopepoda	Gymnoplea	Calanoida	Calanoida	Calanoida	Calanoida	Metridinidae	Metridinidae	Pleuromamma	Pleuromamma	Pleuromamma_scutullata	Copepoda	Calanoida	Metridinidae	Pleuromamma	FG9	4.01272727272727	5	0	Free	Omnivore	Current	TRUE
AB426081__Pleuromamma_xiphias	Animalia	Animalia	Animalia	Arthropoda	Crustacea	Crustacea	Multicrustacea	Copepoda	Copepoda	Neocopepoda	Gymnoplea	Calanoida	Calanoida	Calanoida	Calanoida	Metridinidae	Metridinidae	Pleuromamma	Pleuromamma	Pleuromamma_xiphias	Copepoda	Calanoida	Metridinidae	Pleuromamma	FG9	4.54	5.87	0	Free	Omnivore	Current	TRUE
AB426089__Pseudoamallothrix_cenotelis	Animalia	Animalia	Animalia	Arthropoda	Crustacea	Crustacea	Multicrustacea	Copepoda	Copepoda	Neocopepoda	Gymnoplea	Calanoida	Calanoida	Calanoida	Calanoida	Scolecitrichidae	Scolecitrichidae	Pseudoamallothrix	Pseudoamallothrix	Pseudoamallothrix_cenotelis	Copepoda	Calanoida	Scolecitrichidae	Pseudoamallothrix	NA	2.175	2.34	1	Free	NA	NA	TRUE
AB426108__Pseudochirella_pacifica	Animalia	Animalia	Animalia	Arthropoda	Crustacea	Crustacea	Multicrustacea	Copepoda	Copepoda	Neocopepoda	Gymnoplea	Calanoida	Calanoida	Calanoida	Calanoida	Aetideidae	Aetideidae	Pseudochirella	Pseudochirella	Pseudochirella_pacifica	NA	NA	NA	NA	NA	NA	NA	NA	NA	NA	NA	FALSE
NC_084198__Pseudodiaptomus_hessei	Animalia	Animalia	Animalia	Arthropoda	Crustacea	Crustacea	Multicrustacea	Copepoda	Copepoda	Neocopepoda	Gymnoplea	Calanoida	Calanoida	Calanoida	Calanoida	Pseudodiaptomidae	Pseudodiaptomidae	Pseudodiaptomus	Pseudodiaptomus	Pseudodiaptomus_hessei	NA	NA	NA	NA	NA	NA	NA	NA	NA	NA	NA	FALSE
OR601689__Pseudodiaptomus_hessei	Animalia	Animalia	Animalia	Arthropoda	Crustacea	Crustacea	Multicrustacea	Copepoda	Copepoda	Neocopepoda	Gymnoplea	Calanoida	Calanoida	Calanoida	Calanoida	Pseudodiaptomidae	Pseudodiaptomidae	Pseudodiaptomus	Pseudodiaptomus	Pseudodiaptomus_hessei	NA	NA	NA	NA	NA	NA	NA	NA	NA	NA	NA	FALSE
AB426094__Racovitzanus_antarcticus	Animalia	Animalia	Animalia	Arthropoda	Crustacea	Crustacea	Multicrustacea	Copepoda	Copepoda	Neocopepoda	Gymnoplea	Calanoida	Calanoida	Calanoida	Calanoida	Scolecitrichidae	Scolecitrichidae	Racovitzanus	Racovitzanus	Racovitzanus_antarcticus	Copepoda	Calanoida	Scolecitrichidae	Racovitzanus	FG3	2.23	2.48	1	Free	Omnivore-Detritivore	Current	TRUE
AB426083__Rhincalanus_nasutus	Animalia	Animalia	Animalia	Arthropoda	Crustacea	Crustacea	Multicrustacea	Copepoda	Copepoda	Neocopepoda	Gymnoplea	Calanoida	Calanoida	Calanoida	Calanoida	Rhincalanidae	Rhincalanidae	Rhincalanus	Rhincalanus	Rhincalanus_nasutus	Copepoda	Calanoida	Rhincalanidae	Rhincalanus	FG6	4.3912962962963	6.1	1	Free	Omnivore-Herbivore	Current	TRUE
AB426110__Scaphocalanus_echinatus	Animalia	Animalia	Animalia	Arthropoda	Crustacea	Crustacea	Multicrustacea	Copepoda	Copepoda	Neocopepoda	Gymnoplea	Calanoida	Calanoida	Calanoida	Calanoida	Scolecitrichidae	Scolecitrichidae	Scaphocalanus	Scaphocalanus	Scaphocalanus_echinatus	Copepoda	Calanoida	Scolecitrichidae	Scaphocalanus	FG3	2.13214285714286	2.56	1	Free	Omnivore-Detritivore	Current	TRUE
KF667527__Schizopera_knabeni	Animalia	Animalia	Animalia	Arthropoda	Crustacea	Crustacea	Multicrustacea	Copepoda	Copepoda	Neocopepoda	Podoplea	Harpacticoida	Harpacticoida	Harpacticoida	Harpacticoida	Miraciidae	Diosaccinae	Schizopera	Schizopera	Schizopera_knabeni	NA	NA	NA	NA	NA	NA	NA	NA	NA	NA	NA	FALSE
AB426111__Scolecithricella_nicobarica	Animalia	Animalia	Animalia	Arthropoda	Crustacea	Crustacea	Multicrustacea	Copepoda	Copepoda	Neocopepoda	Gymnoplea	Calanoida	Calanoida	Calanoida	Calanoida	Scolecitrichidae	Scolecitrichidae	Scolecithricella	Scolecithricella	Scolecithricella_nicobarica	Copepoda	Calanoida	Scolecitrichidae	Scolecithricella	FG3	1.3586	1.5	1	Free	Omnivore-Detritivore	Current	TRUE
AB426102__Scottocalanus_rotundatus	Animalia	Animalia	Animalia	Arthropoda	Crustacea	Crustacea	Multicrustacea	Copepoda	Copepoda	Neocopepoda	Gymnoplea	Calanoida	Calanoida	Calanoida	Calanoida	Scolecitrichidae	Scolecitrichidae	Scottocalanus	Scottocalanus	Scottocalanus_rotundatus	NA	NA	NA	NA	NA	NA	NA	NA	NA	NA	NA	FALSE
AB426084__Scottocalanus_securifrons	Animalia	Animalia	Animalia	Arthropoda	Crustacea	Crustacea	Multicrustacea	Copepoda	Copepoda	Neocopepoda	Gymnoplea	Calanoida	Calanoida	Calanoida	Calanoida	Scolecitrichidae	Scolecitrichidae	Scottocalanus	Scottocalanus	Scottocalanus_securifrons	NA	NA	NA	NA	NA	NA	NA	NA	NA	NA	NA	FALSE
AB426099__Scottocalanus_securifrons	Animalia	Animalia	Animalia	Arthropoda	Crustacea	Crustacea	Multicrustacea	Copepoda	Copepoda	Neocopepoda	Gymnoplea	Calanoida	Calanoida	Calanoida	Calanoida	Scolecitrichidae	Scolecitrichidae	Scottocalanus	Scottocalanus	Scottocalanus_securifrons	NA	NA	NA	NA	NA	NA	NA	NA	NA	NA	NA	FALSE
AB457128__Spinoncaea_humesi	Animalia	Animalia	Animalia	Arthropoda	Crustacea	Crustacea	Multicrustacea	Copepoda	Copepoda	Neocopepoda	Podoplea	Cyclopoida	Ergasilida	Ergasilida	Ergasilida	Oncaeidae	Oncaeidae	Spinoncaea	Spinoncaea	Spinoncaea_humesi	NA	NA	NA	NA	NA	NA	NA	NA	NA	NA	NA	FALSE
AB457111__Spinoncaea_ivlevi	Animalia	Animalia	Animalia	Arthropoda	Crustacea	Crustacea	Multicrustacea	Copepoda	Copepoda	Neocopepoda	Podoplea	Cyclopoida	Ergasilida	Ergasilida	Ergasilida	Oncaeidae	Oncaeidae	Spinoncaea	Spinoncaea	Spinoncaea_ivlevi	NA	NA	NA	NA	NA	NA	NA	NA	NA	NA	NA	FALSE
MK598762__Tigriopus_kingsejongensis	Animalia	Animalia	Animalia	Arthropoda	Crustacea	Crustacea	Multicrustacea	Copepoda	Copepoda	Neocopepoda	Podoplea	Harpacticoida	Harpacticoida	Harpacticoida	Harpacticoida	Harpacticidae	Harpacticidae	Tigriopus	Tigriopus	Tigriopus_kingsejongensis	NA	NA	NA	NA	NA	NA	NA	NA	NA	NA	NA	FALSE
AB457123__Triconia_conifera	Animalia	Animalia	Animalia	Arthropoda	Crustacea	Crustacea	Multicrustacea	Copepoda	Copepoda	Neocopepoda	Podoplea	Cyclopoida	Ergasilida	Ergasilida	Ergasilida	Oncaeidae	Oncaeidae	Triconia	Triconia	Triconia_conifera	Copepoda	Cyclopoida	Oncaeidae	Triconia	FG2	1.12	1.5	0	Sac	Omnivore-Detritivore	Cruise	TRUE
AB457124__Triconia_conifera	Animalia	Animalia	Animalia	Arthropoda	Crustacea	Crustacea	Multicrustacea	Copepoda	Copepoda	Neocopepoda	Podoplea	Cyclopoida	Ergasilida	Ergasilida	Ergasilida	Oncaeidae	Oncaeidae	Triconia	Triconia	Triconia_conifera	Copepoda	Cyclopoida	Oncaeidae	Triconia	FG2	1.12	1.5	0	Sac	Omnivore-Detritivore	Cruise	TRUE
AB457100__Triconia_dentipes	Animalia	Animalia	Animalia	Arthropoda	Crustacea	Crustacea	Multicrustacea	Copepoda	Copepoda	Neocopepoda	Podoplea	Cyclopoida	Ergasilida	Ergasilida	Ergasilida	Oncaeidae	Oncaeidae	Triconia	Triconia	Triconia_dentipes	Copepoda	Cyclopoida	Oncaeidae	Triconia	FG2	0.497	0.57	0	Sac	Omnivore-Detritivore	Cruise	TRUE
AB457086__Triconia_elongata	Animalia	Animalia	Animalia	Arthropoda	Crustacea	Crustacea	Multicrustacea	Copepoda	Copepoda	Neocopepoda	Podoplea	Cyclopoida	Ergasilida	Ergasilida	Ergasilida	Oncaeidae	Oncaeidae	Triconia	Triconia	Triconia_elongata	NA	NA	NA	NA	NA	NA	NA	NA	NA	NA	NA	FALSE
AB457087__Triconia_elongata	Animalia	Animalia	Animalia	Arthropoda	Crustacea	Crustacea	Multicrustacea	Copepoda	Copepoda	Neocopepoda	Podoplea	Cyclopoida	Ergasilida	Ergasilida	Ergasilida	Oncaeidae	Oncaeidae	Triconia	Triconia	Triconia_elongata	NA	NA	NA	NA	NA	NA	NA	NA	NA	NA	NA	FALSE
AB457083__Triconia_furcula	Animalia	Animalia	Animalia	Arthropoda	Crustacea	Crustacea	Multicrustacea	Copepoda	Copepoda	Neocopepoda	Podoplea	Cyclopoida	Ergasilida	Ergasilida	Ergasilida	Oncaeidae	Oncaeidae	Triconia	Triconia	Triconia_furcula	NA	NA	NA	NA	NA	NA	NA	NA	NA	NA	NA	FALSE
AB457084__Triconia_furcula	Animalia	Animalia	Animalia	Arthropoda	Crustacea	Crustacea	Multicrustacea	Copepoda	Copepoda	Neocopepoda	Podoplea	Cyclopoida	Ergasilida	Ergasilida	Ergasilida	Oncaeidae	Oncaeidae	Triconia	Triconia	Triconia_furcula	NA	NA	NA	NA	NA	NA	NA	NA	NA	NA	NA	FALSE
AB457085__Triconia_furcula	Animalia	Animalia	Animalia	Arthropoda	Crustacea	Crustacea	Multicrustacea	Copepoda	Copepoda	Neocopepoda	Podoplea	Cyclopoida	Ergasilida	Ergasilida	Ergasilida	Oncaeidae	Oncaeidae	Triconia	Triconia	Triconia_furcula	NA	NA	NA	NA	NA	NA	NA	NA	NA	NA	NA	FALSE
AB457109__Triconia_minuta	Animalia	Animalia	Animalia	Arthropoda	Crustacea	Crustacea	Multicrustacea	Copepoda	Copepoda	Neocopepoda	Podoplea	Cyclopoida	Ergasilida	Ergasilida	Ergasilida	Oncaeidae	Oncaeidae	Triconia	Triconia	Triconia_minuta	Copepoda	Cyclopoida	Oncaeidae	Triconia	FG2	0.5317	0.76	0	Sac	Omnivore-Detritivore	Cruise	TRUE
AB457110__Triconia_minuta	Animalia	Animalia	Animalia	Arthropoda	Crustacea	Crustacea	Multicrustacea	Copepoda	Copepoda	Neocopepoda	Podoplea	Cyclopoida	Ergasilida	Ergasilida	Ergasilida	Oncaeidae	Oncaeidae	Triconia	Triconia	Triconia_minuta	Copepoda	Cyclopoida	Oncaeidae	Triconia	FG2	0.5317	0.76	0	Sac	Omnivore-Detritivore	Cruise	TRUE
AB457104__Triconia_umerus	Animalia	Animalia	Animalia	Arthropoda	Crustacea	Crustacea	Multicrustacea	Copepoda	Copepoda	Neocopepoda	Podoplea	Cyclopoida	Ergasilida	Ergasilida	Ergasilida	Oncaeidae	Oncaeidae	Triconia	Triconia	Triconia_umerus	NA	NA	NA	NA	NA	NA	NA	NA	NA	NA	NA	FALSE
AB457105__Triconia_umerus	Animalia	Animalia	Animalia	Arthropoda	Crustacea	Crustacea	Multicrustacea	Copepoda	Copepoda	Neocopepoda	Podoplea	Cyclopoida	Ergasilida	Ergasilida	Ergasilida	Oncaeidae	Oncaeidae	Triconia	Triconia	Triconia_umerus	NA	NA	NA	NA	NA	NA	NA	NA	NA	NA	NA	FALSE
AB457106__Triconia_umerus	Animalia	Animalia	Animalia	Arthropoda	Crustacea	Crustacea	Multicrustacea	Copepoda	Copepoda	Neocopepoda	Podoplea	Cyclopoida	Ergasilida	Ergasilida	Ergasilida	Oncaeidae	Oncaeidae	Triconia	Triconia	Triconia_umerus	NA	NA	NA	NA	NA	NA	NA	NA	NA	NA	NA	FALSE
AB426085__Undeuchaeta_plumosa	Animalia	Animalia	Animalia	Arthropoda	Crustacea	Crustacea	Multicrustacea	Copepoda	Copepoda	Neocopepoda	Gymnoplea	Calanoida	Calanoida	Calanoida	Calanoida	Aetideidae	Aetideidae	Undeuchaeta	Undeuchaeta	Undeuchaeta_plumosa	Copepoda	Calanoida	Aetideidae	Undeuchaeta	FG5	3.75621621621622	4.65	1	Sac	Omnivore-Carnivore	Current	TRUE
AB426087__Undinella_oblonga	Animalia	Animalia	Animalia	Arthropoda	Crustacea	Crustacea	Multicrustacea	Copepoda	Copepoda	Neocopepoda	Gymnoplea	Calanoida	Calanoida	Calanoida	Calanoida	Tharybidae	Tharybidae	Undinella	Undinella	Undinella_oblonga	Copepoda	Calanoida	Tharybidae	Undinella	NA	2.79833333333333	3	1	NA	NA	NA	TRUE
MN603005__Undinula_vulgaris	Animalia	Animalia	Animalia	Arthropoda	Crustacea	Crustacea	Multicrustacea	Copepoda	Copepoda	Neocopepoda	Gymnoplea	Calanoida	Calanoida	Calanoida	Calanoida	Calanidae	Calanidae	Undinula	Undinula	Undinula_vulgaris	Copepoda	Calanoida	Calanidae	Undinula	FG9	2.63316666666667	3.25	1	Free	Omnivore	Current	TRUE
