Species_Name	Clade	Order	Family	Genus	Functional group	Mean body mength	Mean max body length	Myelination	Spawning mode	Trophic group	Feeding mode
Acartia_bifilosa	Copepoda	Calanoida	Acartiidae	Acartia	FG11	1.00215384615385	1.25	0	Free	Omnivore-Herbivore	Current-Ambush
Acartia_fossae	Copepoda	Calanoida	Acartiidae	Acartia	FG11	1.145	1.4	0	Free	Omnivore-Herbivore	Current-Ambush
Acartia_spinata	Copepoda	Calanoida	Acartiidae	Acartia	FG11	1.171	1.24	0	Free	Omnivore-Herbivore	Current-Ambush
Acartia_tonsa	Copepoda	Calanoida	Acartiidae	Acartia	FG11	1.20307692307692	1.5	0	Free	Omnivore-Herbivore	Current-Ambush
Acartia_tumida	Copepoda	Calanoida	Acartiidae	Acartia	FG11	2.175	2.7	0	Free	Omnivore-Herbivore	Current-Ambush
Acartia_danae	Copepoda	Calanoida	Acartiidae	Acartia	FG11	1.17297058823529	1.34	0	Free	Omnivore-Herbivore	Current-Ambush
Acartia_negligens	Copepoda	Calanoida	Acartiidae	Acartia	FG11	1.18410256410256	2.07	0	Free	Omnivore-Herbivore	Current-Ambush
Acartia_clausii	Copepoda	Calanoida	Acartiidae	Acartia	FG11	1.07475862068966	1.47	0	Free	Omnivore-Herbivore	Current-Ambush
Acartia_clausi	Copepoda	Calanoida	Acartiidae	Acartia	FG11	1.07475862068966	1.47	0	Free	Omnivore-Herbivore	Current-Ambush
Acartia_ensifera	Copepoda	Calanoida	Acartiidae	Acartia	FG11	1.01125	1.25	0	Free	Omnivore-Herbivore	Current-Ambush
Acartia_hudsonica	Copepoda	Calanoida	Acartiidae	Acartia	FG11	1.0228	1.32	0	Free	Omnivore-Herbivore	Current-Ambush
Acartia_longiremis	Copepoda	Calanoida	Acartiidae	Acartia	FG11	1.11777272727273	1.4	0	Free	Omnivore-Herbivore	Current-Ambush
Acartia_omorii	Copepoda	Calanoida	Acartiidae	Acartia	FG11	1.1075	1.3	0	Free	Omnivore-Herbivore	Current-Ambush
Acartia_simplex	Copepoda	Calanoida	Acartiidae	Acartia	FG11	1.0275	1.18	0	Free	Omnivore-Herbivore	Current-Ambush
Acartia_tranteri	Copepoda	Calanoida	Acartiidae	Acartia	NA	NA	NA	0	Free	Omnivore-Herbivore	Current-Ambush
Acartia_amboinensis	Copepoda	Calanoida	Acartiidae	Acartia	FG11	1.41166666666667	1.47	0	Free	Omnivore-Herbivore	Current-Ambush
Acartia_australis	Copepoda	Calanoida	Acartiidae	Acartia	FG11	1.3325	1.4	0	Free	Omnivore-Herbivore	Current-Ambush
Acartia_erythraea	Copepoda	Calanoida	Acartiidae	Acartia	FG11	1.311	1.5	0	Free	Omnivore-Herbivore	Current-Ambush
Acartia_lilljeborgi	Copepoda	Calanoida	Acartiidae	Acartia	FG11	1.37666666666667	1.4	0	Free	Omnivore-Herbivore	Current-Ambush
Acartia_pacifica	Copepoda	Calanoida	Acartiidae	Acartia	FG11	1.2146	1.35	0	Free	Omnivore-Herbivore	Current-Ambush
Acartia_sp	Copepoda	Calanoida	Acartiidae	Acartia	NA	NA	NA	0	Free	Omnivore-Herbivore	Current-Ambush
Acrocalanus_gibber	Copepoda	Calanoida	Paracalanidae	Acrocalanus	FG7	1.02111111111111	1.28	1	Free	Omnivore-Herbivore	Current
Acrocalanus_gracilis	Copepoda	Calanoida	Paracalanidae	Acrocalanus	FG7	1.23769230769231	1.8	1	Free	Omnivore-Herbivore	Current
Acrocalanus_longicornis	Copepoda	Calanoida	Paracalanidae	Acrocalanus	FG7	1.19566666666667	1.55	1	Free	Omnivore-Herbivore	Current
Acrocalanus_monachus	Copepoda	Calanoida	Paracalanidae	Acrocalanus	FG7	0.971764705882353	1.1	1	Free	Omnivore-Herbivore	Current
Aegisthus_mucronatus	Copepoda	Harpacticoida	Aegisthidae	Aegisthus	NA	2.082	2.6	0	Sac	NA	NA
Aetideopsis_armatus	Copepoda	Calanoida	Aetideidae	Aetideopsis	FG8	3.54461538461538	4.5	1	Free	Omnivore-Carnivore	NA
Aetideopsis_minor	Copepoda	Calanoida	Aetideidae	Aetideopsis	FG8	3.12	3.9	1	Sac	Omnivore-Carnivore	NA
Aetideopsis_rostrata	Copepoda	Calanoida	Aetideidae	Aetideopsis	FG8	3.72947368421053	4.6	1	Free	Omnivore-Carnivore	NA
Aetideus_acutus	Copepoda	Calanoida	Aetideidae	Aetideus	FG8	1.65484848484848	1.8	1	Free	Omnivore-Carnivore	Ambush
Aetideus_armatus	Copepoda	Calanoida	Aetideidae	Aetideus	FG8	1.81119047619048	2.25	1	Free	Omnivore-Carnivore	Ambush
Aetideus_giesbrechti	Copepoda	Calanoida	Aetideidae	Aetideus	FG8	1.94861111111111	2.2	1	Free	Omnivore-Carnivore	Ambush
Aetideus_pacificus	Copepoda	Calanoida	Aetideidae	Aetideus	FG8	2.3325	3	1	Free	Omnivore-Carnivore	Ambush
Agetus_flaccus	Copepoda	Cyclopoida	Corycaeidae	Agetus	FG4	1.675	1.89	0	Sac	Carnivore	Ambush
Agetus_limbatus	Copepoda	Cyclopoida	Corycaeidae	Agetus	FG4	1.42066666666667	1.64	0	Sac	Carnivore	Ambush
Agetus_typicus	Copepoda	Cyclopoida	Corycaeidae	Agetus	FG4	1.59677419354839	1.8	0	Sac	Carnivore	Ambush
Amallothrix_dentipes	Copepoda	Calanoida	Scolecitrichidae	Amallothrix	FG3	2.6175	2.84	1	Free	Omnivore-Detritivore	NA
Amallothrix_propinqua	Copepoda	Calanoida	Scolecitrichidae	Amallothrix	FG3	3.19	3.4	1	Free	Omnivore-Detritivore	NA
Amallothrix_tenuiserrata	Copepoda	Calanoida	Scolecitrichidae	Amallothrix	FG3	1.1045	1.22	0	Free	Omnivore-Detritivore	Current
Anomalocera_patersoni	Copepoda	Calanoida	Pontellidae	Anomalocera	FG9	3.541875	4.1	0	Free	Omnivore	Current
Arietellus_setosus	Copepoda	Calanoida	Arietellidae	Arietellus	FG8	4.80181818181818	5.5	0	Sac	Omnivore-Carnivore	NA
Atrophia_glacialis	Copepoda	Cyclopoida	Lubbockiidae	Atrophia	NA	1.77714285714286	2.45	0	Sac	NA	NA
Augaptilus_glacialis	Copepoda	Calanoida	Augaptilidae	Augaptilus	FG8	4.94894736842105	5.9	0	Free	Omnivore-Carnivore	NA
Augaptilus_longicaudatus	Copepoda	Calanoida	Augaptilidae	Augaptilus	FG8	3.73508	5.9	0	Free	Omnivore-Carnivore	NA
Bestiolina_similis	Copepoda	Calanoida	Paracalanidae	Bestiolina	FG7	0.78875	1	1	Free	NA	Current
Bradyidius_armatus	Copepoda	Calanoida	Aetideidae	Bradyidius	FG9	2.425	2.7	1	Free	Omnivore	Current
Bradyidius_similis	Copepoda	Calanoida	Aetideidae	Bradyidius	FG9	3.02666666666667	3.24	1	Free	Omnivore	Current
Calanoides_acutus	Copepoda	Calanoida	Calanidae	Calanoides	FG6	4.938	5.7	1	Free	Omnivore-Herbivore	Current
Calanoides_carinatus	Copepoda	Calanoida	Calanidae	Calanoides	FG7	3.54166666666667	4	1	Free	Omnivore-Herbivore	Current
Calanopia_americana	Copepoda	Calanoida	Pontellidae	Calanopia	FG9	1.60833333333333	2.1	0	Free	Omnivore	Current
Calanopia_aurivilli	Copepoda	Calanoida	Pontellidae	Calanopia	FG9	1.29	1.56	0	Free	Omnivore	Current
Calanopia_elliptica	Copepoda	Calanoida	Pontellidae	Calanopia	FG9	1.81041666666667	2.1	0	Free	Omnivore	Current
Calanopia_minor	Copepoda	Calanoida	Pontellidae	Calanopia	FG9	1.31055555555556	1.4	0	Free	Omnivore	Current
Calanus_agulhensis	Copepoda	Calanoida	Calanidae	Calanus	NA	NA	NA	1	Free	Omnivore-Herbivore	Current
Calanus_australis	Copepoda	Calanoida	Calanidae	Calanus	FG7	3.1	3.76	1	Free	Omnivore-Herbivore	Current
Calanus_chilensis	Copepoda	Calanoida	Calanidae	Calanus	NA	NA	NA	1	Free	Omnivore-Herbivore	Current
Calanus_finmarchicus	Copepoda	Calanoida	Calanidae	Calanus	FG7	3.46866666666667	5	1	Free	Omnivore-Herbivore	Current
Calanus_glacialis	Copepoda	Calanoida	Calanidae	Calanus	FG6	4.65090909090909	6	1	Free	Omnivore-Herbivore	Current
Calanus_helgolandicus	Copepoda	Calanoida	Calanidae	Calanus	FG7	2.80727272727273	3.5	1	Free	Omnivore-Herbivore	Current
Calanus_hyperboreus	Copepoda	Calanoida	Calanidae	Calanus	FG6	8.07285714285714	10	1	Free	Omnivore-Herbivore	Current
Calanus_marshallae	Copepoda	Calanoida	Calanidae	Calanus	FG7	3.56	4.52	1	Free	Omnivore-Herbivore	Current
Calanus_pacificus	Copepoda	Calanoida	Calanidae	Calanus	FG7	3.248	5.3	1	Free	Omnivore-Herbivore	Current
Calanus_propinquus	Copepoda	Calanoida	Calanidae	Calanus	FG6	5.27785714285714	6	1	Free	Omnivore-Herbivore	Current
Calanus_simillimus	Copepoda	Calanoida	Calanidae	Calanus	FG7	3.27521739130435	3.97	1	Free	Omnivore-Herbivore	Current
Calanus_sinicus	Copepoda	Calanoida	Calanidae	Calanus	FG7	2.818	3.6	1	Free	Omnivore-Herbivore	Current
Calanus_sp	Copepoda	Calanoida	Calanidae	Calanus	NA	NA	NA	1	Free	Omnivore-Herbivore	Current
Calocalanus_adriaticus	Copepoda	Calanoida	Paracalanidae	Calocalanus	NA	NA	NA	1	Free	Omnivore-Herbivore	Current
Calocalanus_contractus	Copepoda	Calanoida	Paracalanidae	Calocalanus	FG7	0.724714285714286	0.91	1	Free	Omnivore-Herbivore	Current
Calocalanus_elegans	Copepoda	Calanoida	Paracalanidae	Calocalanus	FG7	0.51	0.52	1	Free	Omnivore-Herbivore	Current
Calocalanus_elongatus	Copepoda	Calanoida	Paracalanidae	Calocalanus	NA	NA	NA	1	Free	Omnivore-Herbivore	Current
Calocalanus_gracilis	Copepoda	Calanoida	Paracalanidae	Calocalanus	FG7	0.628333333333333	0.7	1	Free	Omnivore-Herbivore	Current
Calocalanus_longisetosus	Copepoda	Calanoida	Paracalanidae	Calocalanus	NA	NA	NA	1	Free	Omnivore-Herbivore	Current
Calocalanus_neptunus	Copepoda	Calanoida	Paracalanidae	Calocalanus	FG7	0.878333333333333	0.96	1	Free	Omnivore-Herbivore	Current
Calocalanus_pavo	Copepoda	Calanoida	Paracalanidae	Calocalanus	FG7	1.05452307692308	1.5	1	Free	Omnivore-Herbivore	Current
Calocalanus_pavoninus	Copepoda	Calanoida	Paracalanidae	Calocalanus	FG7	0.705	0.97	1	Free	Omnivore-Herbivore	Current
Calocalanus_plumatus	Copepoda	Calanoida	Paracalanidae	Calocalanus	FG7	0.583333333333333	0.61	1	Free	Omnivore-Herbivore	Current
Calocalanus_plumulosus	Copepoda	Calanoida	Paracalanidae	Calocalanus	FG7	1.07938461538462	1.344	1	Free	Omnivore-Herbivore	Current
Calocalanus_styliremis	Copepoda	Calanoida	Paracalanidae	Calocalanus	FG7	0.698911764705882	0.95	1	Free	Omnivore-Herbivore	Current
Calocalanus_tenuis	Copepoda	Calanoida	Paracalanidae	Calocalanus	FG7	1.14470588235294	1.31	1	Free	Omnivore-Herbivore	Current
Calocalanus_sp	Copepoda	Calanoida	Paracalanidae	Calocalanus	NA	NA	NA	1	Free	Omnivore-Herbivore	Current
Candacia_armata	Copepoda	Calanoida	Candaciidae	Candacia	FG8	2.493625	3.19	0	Free	Carnivore	NA
Candacia_bipinnata	Copepoda	Calanoida	Candaciidae	Candacia	FG8	2.49063888888889	3.16	0	Free	Carnivore	NA
Candacia_bispinosa	Copepoda	Calanoida	Candaciidae	Candacia	FG8	1.82555555555556	2.163	0	Free	Carnivore	NA
Candacia_bradyi	Copepoda	Calanoida	Candaciidae	Candacia	FG8	1.83909090909091	2.1	0	Free	Carnivore	NA
Candacia_catula	Copepoda	Calanoida	Candaciidae	Candacia	FG8	1.54	1.7	0	Free	Carnivore	NA
Candacia_columbiae	Copepoda	Calanoida	Candaciidae	Candacia	FG8	3.97777777777778	5	0	Free	Carnivore	NA
Candacia_curta	Copepoda	Calanoida	Candaciidae	Candacia	FG8	2.38161290322581	2.9	0	Free	Carnivore	NA
Candacia_discaudata	Copepoda	Calanoida	Candaciidae	Candacia	FG8	1.75166666666667	1.94	0	Free	Carnivore	NA
Candacia_ethiopica	Copepoda	Calanoida	Candaciidae	Candacia	FG8	2.48711627906977	3.03	0	Free	Carnivore	NA
Candacia_longimana	Copepoda	Calanoida	Candaciidae	Candacia	FG8	3.27568	3.9	0	Free	Carnivore	NA
Candacia_maxima	Copepoda	Calanoida	Candaciidae	Candacia	FG8	3.804	3.99	0	Free	Carnivore	NA
Candacia_pachydactyla	Copepoda	Calanoida	Candaciidae	Candacia	FG8	2.65210526315789	3.4	0	Free	Carnivore	NA
Candacia_simplex	Copepoda	Calanoida	Candaciidae	Candacia	FG8	1.92357142857143	2.32	0	Free	Carnivore	NA
Candacia_truncata	Copepoda	Calanoida	Candaciidae	Candacia	FG8	1.9775	2.3	0	Free	Carnivore	NA
Candacia_varicans	Copepoda	Calanoida	Candaciidae	Candacia	FG8	2.37716666666667	2.74	0	Free	Carnivore	NA
Candacia_sp	Copepoda	Calanoida	Candaciidae	Candacia	FG8	NA	NA	0	Free	Carnivore	NA
Canthocalanus_pauper	Copepoda	Calanoida	Calanidae	Canthocalanus	FG9	1.4778125	1.75	1	Free	Omnivore	Current
Centropages_abdominalis	Copepoda	Calanoida	Centropagidae	Centropages	FG11	1.77454545454545	2.1	0	Free	Omnivore	Current-Ambush
Centropages_aucklandicus	Copepoda	Calanoida	Centropagidae	Centropages	FG11	1.63666666666667	2.05	0	Free	Omnivore	Current-Ambush
Centropages_australiensis	Copepoda	Calanoida	Centropagidae	Centropages	NA	NA	NA	0	Free	Omnivore	Current-Ambush
Centropages_bradyi	Copepoda	Calanoida	Centropagidae	Centropages	FG11	1.92645161290323	2.5	0	Free	Omnivore	Current-Ambush
Centropages_calaninus	Copepoda	Calanoida	Centropagidae	Centropages	FG11	1.929	2.18	0	Free	Omnivore	Current-Ambush
Centropages_chierchiae	Copepoda	Calanoida	Centropagidae	Centropages	FG11	1.77413636363636	2.1	0	Free	Omnivore	Current-Ambush
Centropages_elongatus	Copepoda	Calanoida	Centropagidae	Centropages	FG11	1.706	1.91	0	Free	Omnivore	Current-Ambush
Centropages_furcatus	Copepoda	Calanoida	Centropagidae	Centropages	FG8	1.71641025641026	1.92	0	Free	Omnivore-Carnivore	Current-Ambush
Centropages_gracilis	Copepoda	Calanoida	Centropagidae	Centropages	FG11	1.92291666666667	2.16	0	Free	Omnivore	Current-Ambush
Centropages_hamatus	Copepoda	Calanoida	Centropagidae	Centropages	FG11	1.24833333333333	1.42	0	Free	Omnivore	Current-Ambush
Centropages_kroyeri	Copepoda	Calanoida	Centropagidae	Centropages	FG11	1.33516666666667	1.519	0	Free	Omnivore	Current-Ambush
Centropages_orsinii	Copepoda	Calanoida	Centropagidae	Centropages	FG11	1.538	1.7	0	Free	Omnivore	Current-Ambush
Centropages_orsini	Copepoda	Calanoida	Centropagidae	Centropages	FG11	1.538	1.7	0	Free	Omnivore	Current-Ambush
Centropages_tenuiremis	Copepoda	Calanoida	Centropagidae	Centropages	FG11	1.71777777777778	2	0	Free	Omnivore	Current-Ambush
Centropages_typicus	Copepoda	Calanoida	Centropagidae	Centropages	FG11	1.58376	2	0	Free	Omnivore	Current-Ambush
Centropages_violaceus	Copepoda	Calanoida	Centropagidae	Centropages	FG11	2.0051724137931	2.24	0	Free	Omnivore	Current-Ambush
Centropages_sp	Copepoda	Calanoida	Centropagidae	Centropages	NA	NA	NA	0	Free	Omnivore	Current-Ambush
Chiridius_gracilis	Copepoda	Calanoida	Aetideidae	Chiridius	FG3	2.626	3.1	1	Sac	Omnivore	Cruise
Chiridius_obtusifrons	Copepoda	Calanoida	Aetideidae	Chiridius	FG3	4.13222222222222	4.6	1	Sac	Omnivore	Cruise
Chiridius_poppei	Copepoda	Calanoida	Aetideidae	Chiridius	FG3	1.9125641025641	2.45	1	Sac	Omnivore	Cruise
Chirundina_streetsii	Copepoda	Calanoida	Aetideidae	Chirundina	FG3	5.12555555555556	6	1	Free	Omnivore-Detritivore	NA
Clausocalanus_arcuicornis	Copepoda	Calanoida	Clausocalanidae	Clausocalanus	FG1	1.30088235294118	1.62	1	Free	Omnivore-Herbivore	Cruise
Clausocalanus_brevipes	Copepoda	Calanoida	Clausocalanidae	Clausocalanus	FG1	1.50625	1.8	1	Sac	Omnivore-Herbivore	Cruise
Clausocalanus_farrani	Copepoda	Calanoida	Clausocalanidae	Clausocalanus	FG1	1.07666666666667	1.22	1	Sac	Omnivore-Herbivore	Cruise
Clausocalanus_furcatus	Copepoda	Calanoida	Clausocalanidae	Clausocalanus	FG1	1.14288461538462	1.75	1	Sac	Omnivore-Herbivore	Cruise
Clausocalanus_ingens	Copepoda	Calanoida	Clausocalanidae	Clausocalanus	FG1	1.694	1.9	1	Free	Omnivore-Herbivore	Cruise
Clausocalanus_jobei	Copepoda	Calanoida	Clausocalanidae	Clausocalanus	FG1	1.3175	1.56	1	Sac	Omnivore-Herbivore	Cruise
Clausocalanus_laticeps	Copepoda	Calanoida	Clausocalanidae	Clausocalanus	FG1	1.445	1.67	1	Sac	Omnivore-Herbivore	Cruise
Clausocalanus_lividus	Copepoda	Calanoida	Clausocalanidae	Clausocalanus	FG1	1.5865	1.98	1	Free	Omnivore-Herbivore	Cruise
Clausocalanus_mastigophorus	Copepoda	Calanoida	Clausocalanidae	Clausocalanus	FG1	1.54922222222222	1.937	1	Free	Omnivore-Herbivore	Cruise
Clausocalanus_minor	Copepoda	Calanoida	Clausocalanidae	Clausocalanus	FG1	1.13272727272727	1.3	1	Sac	Omnivore-Herbivore	Cruise
Clausocalanus_parapergens	Copepoda	Calanoida	Clausocalanidae	Clausocalanus	FG1	1.5865	1.98	1	Sac	Omnivore-Herbivore	Cruise
Clausocalanus_paululus	Copepoda	Calanoida	Clausocalanidae	Clausocalanus	FG1	1.54922222222222	1.937	1	Sac	Omnivore-Herbivore	Cruise
Clausocalanus_pergens	Copepoda	Calanoida	Clausocalanidae	Clausocalanus	FG1	1.13272727272727	1.3	1	Sac	Omnivore-Herbivore	Cruise
Clausocalanus_sp	Copepoda	Calanoida	Clausocalanidae	Clausocalanus	FG1	NA	NA	1	Sac	Omnivore-Herbivore	Cruise
Clytemnestra_scutellata	Copepoda	Harpacticoida	Peltidiidae	Clytemnestra	NA	NA	NA	0	Sac	NA	NA
Conaea_rapax	Copepoda	Cyclopoida	Oncaeidae	Conaea	FG2	1.05	1.16	0	Sac	Omnivore-Detritivore	Cruise
Copilia_mediterranea	Copepoda	Cyclopoida	Sapphirinidae	Copilia	FG5	3.68714285714286	4.4	0	Sac	Carnivore	NA
Copilia_mirabilis	Copepoda	Cyclopoida	Sapphirinidae	Copilia	FG5	3.18903225806452	5.8	0	Sac	Carnivore	NA
Copilia_quadrata	Copepoda	Cyclopoida	Sapphirinidae	Copilia	FG5	3.374375	4.58	0	Sac	Carnivore	NA
Corycaeus_clausi	Copepoda	Cyclopoida	Corycaeidae	Corycaeus	FG4	1.64922222222222	1.82	0	Sac	Carnivore	Ambush
Corycaeus_crassiusculus	Copepoda	Cyclopoida	Corycaeidae	Corycaeus	FG4	1.70848571428571	2	0	Sac	Carnivore	Ambush
Corycaeus_speciosus	Copepoda	Cyclopoida	Corycaeidae	Corycaeus	FG4	1.94022222222222	2.55	0	Sac	Carnivore	Ambush
Cosmocalanus_darwinii	Copepoda	Calanoida	Calanidae	Cosmocalanus	FG7	2.11969696969697	2.58	1	Free	Omnivore-Herbivore	Current
Ctenocalanus_citer	Copepoda	Calanoida	Clausocalanidae	Ctenocalanus	FG7	1.17	1.45	1	Sac	Omnivore-Herbivore	Current
Ctenocalanus_vanus	Copepoda	Calanoida	Clausocalanidae	Ctenocalanus	FG7	1.1644	1.7	1	Free	Omnivore-Herbivore	Current
Delibus_nudus	Copepoda	Calanoida	Paracalanidae	Delibus	FG7	1.1644	1.7	1	Free	Omnivore-Herbivore	Current
Dioithona_rigida	Copepoda	Cyclopoida	Oithonidae	Dioithona	FG10	0.777619047619048	1	0	Sac	Omnivore	Ambush
Ditrichocorycaeus_affinis	Copepoda	Cyclopoida	Corycaeidae	Ditrichocorycaeus	FG4	1	1.25	0	Sac	Carnivore	Ambush
Ditrichocorycaeus_anglicus	Copepoda	Cyclopoida	Corycaeidae	Ditrichocorycaeus	FG4	0.9646	1.19	0	Sac	Carnivore	Ambush
Ditrichocorycaeus_aucklandicus	Copepoda	Cyclopoida	Corycaeidae	Ditrichocorycaeus	FG4	1.1675	1.23	0	Sac	Carnivore	Ambush
Ditrichocorycaeus_brehmi	Copepoda	Cyclopoida	Corycaeidae	Ditrichocorycaeus	FG4	0.976666666666667	1.16	0	Sac	Carnivore	Ambush
Ditrichocorycaeus_dahli	Copepoda	Cyclopoida	Corycaeidae	Ditrichocorycaeus	FG4	1.04133333333333	1.21	0	Sac	Carnivore	Ambush
Ditrichocorycaeus_erythraeus	Copepoda	Cyclopoida	Corycaeidae	Ditrichocorycaeus	FG4	1.00416666666667	1.12	0	Sac	Carnivore	Ambush
Ditrichocorycaeus_sp	Copepoda	Cyclopoida	Corycaeidae	Ditrichocorycaeus	FG4	NA	NA	0	Sac	Carnivore	Ambush
Drepanopus_bungei	Copepoda	Calanoida	Clausocalanidae	Drepanopus	NA	1.2075	1.3	1	NA	NA	NA
Epilabidocera_amphitrites	Copepoda	Calanoida	Pontellidae	Epilabidocera	NA	NA	NA	0	Free	NA	NA
Euaugaptilus_hecticus	Copepoda	Calanoida	Augaptilidae	Euaugaptilus	FG8	2.501875	2.85	0	Free	Omnivore-Carnivore	Ambush
Eucalanus_bungii	Copepoda	Calanoida	Eucalanidae	Eucalanus	FG6	6.53	8	1	Free	Omnivore-Herbivore	Current
Eucalanus_elongatus	Copepoda	Calanoida	Eucalanidae	Eucalanus	FG6	NA	6.8	1	Free	Omnivore	Current
Eucalanus_hyalinus	Copepoda	Calanoida	Eucalanidae	Eucalanus	FG6	6.25172413793103	8.25	1	Free	Omnivore	Current
Euchaeta_acuta	Copepoda	Calanoida	Euchaetidae	Euchaeta	FG5	4.03935294117647	4.7	1	Sac	Carnivore	Current-Cruise
Euchaeta_concinna	Copepoda	Calanoida	Euchaetidae	Euchaeta	FG5	3.00006896551724	3.75	1	Sac	Carnivore	NA
Euchaeta_indica	Copepoda	Calanoida	Euchaetidae	Euchaeta	FG5	2.55382352941176	3	1	Sac	Carnivore	NA
Euchaeta_longicornis	Copepoda	Calanoida	Euchaetidae	Euchaeta	FG5	2.8476	3.32	1	Sac	Carnivore	NA
Euchaeta_marina	Copepoda	Calanoida	Euchaetidae	Euchaeta	FG5	3.26827586206897	3.9	1	Sac	Carnivore	Current-Cruise
Euchaeta_media	Copepoda	Calanoida	Euchaetidae	Euchaeta	FG5	3.93944444444444	4.82	1	Sac	Carnivore	Current
Euchaeta_paraconcinna	Copepoda	Calanoida	Euchaetidae	Euchaeta	FG5	2.69545454545455	3.23	1	Sac	Carnivore	NA
Euchaeta_plana	Copepoda	Calanoida	Euchaetidae	Euchaeta	FG5	3.04857142857143	3.5	1	Sac	Carnivore	NA
Euchaeta_rimana	Copepoda	Calanoida	Euchaetidae	Euchaeta	FG5	3.465	4.3	1	Sac	Carnivore	Current-Cruise
Euchaeta_spinosa	Copepoda	Calanoida	Euchaetidae	Euchaeta	FG5	6.4536	7.21	1	Sac	Carnivore	Current
Euchaeta_sp	Copepoda	Calanoida	Euchaetidae	Euchaeta	FG5	NA	NA	1	Sac	Carnivore	NA
Euchirella_amoena	Copepoda	Calanoida	Aetideidae	Euchirella	FG3	3.53954545454545	4	1	Sac	Omnivore-Detritivore	NA
Euchirella_messinensis	Copepoda	Calanoida	Aetideidae	Euchirella	FG3	4.85533333333333	6.2	1	Sac	Omnivore-Detritivore	NA
Euchirella_rostrata	Copepoda	Calanoida	Aetideidae	Euchirella	FG3	3.20590909090909	4.07	1	Sac	Omnivore-Detritivore	NA
Euchirella_rostromagna	Copepoda	Calanoida	Aetideidae	Euchirella	FG3	5.93818181818182	6.65	1	Sac	Omnivore-Detritivore	NA
Euterpina_acutifrons	Copepoda	Harpacticoida	Tachidiidae	Euterpina	FG2	0.657619047619048	0.86	0	Sac	Omnivore-Detritivore	NA
Farranula_carinata	Copepoda	Cyclopoida	Corycaeidae	Farranula	FG4	0.877678571428571	0.98	0	Sac	Carnivore	Ambush
Farranula_concinna	Copepoda	Cyclopoida	Corycaeidae	Farranula	FG4	0.890416666666667	1.04	0	Sac	Carnivore	Ambush
Farranula_curta	Copepoda	Cyclopoida	Corycaeidae	Farranula	FG4	0.743125	0.87	0	Sac	Carnivore	Ambush
Farranula_gibbula	Copepoda	Cyclopoida	Corycaeidae	Farranula	FG4	0.944677419354839	1.1	0	Sac	Carnivore	Ambush
Farranula_gracilis	Copepoda	Cyclopoida	Corycaeidae	Farranula	FG4	0.964444444444444	1.1	0	Sac	Carnivore	Ambush
Farranula_rostrata	Copepoda	Cyclopoida	Corycaeidae	Farranula	FG4	0.798181818181818	0.9	0	Sac	Carnivore	Ambush
Farranula_sp	Copepoda	Cyclopoida	Corycaeidae	Farranula	FG4	NA	NA	0	Sac	Carnivore	Ambush
Gaetanus_armiger	Copepoda	Calanoida	Aetideidae	Gaetanus	FG9	3.44764705882353	4.7	1	Free	Omnivore	NA
Gaetanus_brevispinus	Copepoda	Calanoida	Aetideidae	Gaetanus	FG9	4.34606060606061	4.9	1	Free	Omnivore	NA
Gaetanus_kruppii	Copepoda	Calanoida	Aetideidae	Gaetanus	FG3	4.759375	5.7	1	Free	Omnivore	Cruise
Gaetanus_miles	Copepoda	Calanoida	Aetideidae	Gaetanus	FG9	3.87052631578947	4.7	1	Free	Omnivore	NA
Gaetanus_minor	Copepoda	Calanoida	Aetideidae	Gaetanus	FG9	2.17055555555556	2.45	1	Free	Omnivore	NA
Gaetanus_tenuispinus	Copepoda	Calanoida	Aetideidae	Gaetanus	FG9	3.34487179487179	4	1	Free	Omnivore	NA
Gaetanus_sp	Copepoda	Calanoida	Aetideidae	Gaetanus	FG9	NA	NA	1	Free	Omnivore	NA
Goniopsyllus_rostratus	Copepoda	Harpacticoida	Peltidiidae	Goniopsyllus	NA	NA	NA	0	Sac	NA	NA
Haloptilus_acutifrons	Copepoda	Calanoida	Augaptilidae	Haloptilus	FG8	3.3268	4.66	0	Free	Omnivore-Carnivore	NA
Haloptilus_longicornis	Copepoda	Calanoida	Augaptilidae	Haloptilus	FG8	2.14446808510638	2.63	0	Free	Omnivore-Carnivore	NA
Haloptilus_mucronatus	Copepoda	Calanoida	Augaptilidae	Haloptilus	FG8	3.31375	3.6	0	Free	Omnivore-Carnivore	NA
Haloptilus_ocellatus	Copepoda	Calanoida	Augaptilidae	Haloptilus	FG8	8.14375	8.55	0	Free	Omnivore-Carnivore	NA
Haloptilus_ornatus	Copepoda	Calanoida	Augaptilidae	Haloptilus	FG8	4.48409090909091	5.33	0	Free	Omnivore-Carnivore	NA
Haloptilus_oxycephalus	Copepoda	Calanoida	Augaptilidae	Haloptilus	FG8	3.98851851851852	5.2	0	Free	Omnivore-Carnivore	NA
Haloptilus_paralongicirrus	Copepoda	Calanoida	Augaptilidae	Haloptilus	FG8	2.53285714285714	2.7	0	Free	Omnivore-Carnivore	NA
Haloptilus_spiniceps	Copepoda	Calanoida	Augaptilidae	Haloptilus	FG8	4.35521739130435	5.45	0	Free	Omnivore-Carnivore	NA
Haloptilus_sp	Copepoda	Calanoida	Augaptilidae	Haloptilus	FG8	NA	NA	0	Free	Omnivore-Carnivore	NA
Heterorhabdus_abyssalis	Copepoda	Calanoida	Heterorhabdidae	Heterorhabdus	FG8	2.71304347826087	3.73	0	Free	Omnivore-Carnivore	Current
Heterorhabdus_austrinus	Copepoda	Calanoida	Heterorhabdidae	Heterorhabdus	FG8	3.36352941176471	4.05	0	Free	Omnivore-Carnivore	Current
Heterorhabdus_lobatus	Copepoda	Calanoida	Heterorhabdidae	Heterorhabdus	FG8	2.368	2.64	0	Free	Omnivore-Carnivore	Current
Heterorhabdus_norvegicus	Copepoda	Calanoida	Heterorhabdidae	Heterorhabdus	FG8	3.59947368421053	4.6	0	Free	Omnivore-Carnivore	Current
Heterorhabdus_papilliger	Copepoda	Calanoida	Heterorhabdidae	Heterorhabdus	FG8	2.02425531914894	2.66	0	Free	Omnivore-Carnivore	Current
Heterorhabdus_spinifer	Copepoda	Calanoida	Heterorhabdidae	Heterorhabdus	FG8	1.72	1.9	0	Free	Omnivore-Carnivore	Current
Heterorhabdus_spinifrons	Copepoda	Calanoida	Heterorhabdidae	Heterorhabdus	FG8	3.237825	4	0	Free	Omnivore-Carnivore	Current
Heterorhabdus_tanneri	Copepoda	Calanoida	Heterorhabdidae	Heterorhabdus	FG8	4.008	4.9	0	Free	Omnivore-Carnivore	Current
Heterorhabdus_sp	Copepoda	Calanoida	Heterorhabdidae	Heterorhabdus	FG8	NA	NA	0	Free	Omnivore-Carnivore	Current
Heterostylites_longicornis	Copepoda	Calanoida	Heterorhabdidae	Heterostylites	FG8	3.01857142857143	4.3	0	Free	Omnivore-Carnivore	NA
Heterostylites_major	Copepoda	Calanoida	Heterorhabdidae	Heterostylites	FG8	4.82625	5.75	0	Free	Omnivore-Carnivore	NA
Isias_clavipes	Copepoda	Calanoida	Centropagidae	Isias	FG11	1.37	1.66	0	Free	Omnivore	Current-Ambush
Jaschnovia_tolli	Copepoda	Calanoida	Aetideidae	Jaschnovia	NA	2.246	2.5	1	NA	NA	NA
Labidocera_acuta	Copepoda	Calanoida	Pontellidae	Labidocera	FG9	3.13933333333333	3.8	0	Free	Omnivore	Current
Labidocera_acutifrons	Copepoda	Calanoida	Pontellidae	Labidocera	FG9	3.73551724137931	4.7	0	Free	Omnivore	Current
Labidocera_aestiva	Copepoda	Calanoida	Pontellidae	Labidocera	FG9	2.27875	3	0	Free	Omnivore	Current
Labidocera_detruncata	Copepoda	Calanoida	Pontellidae	Labidocera	FG9	2.5595	2.8	0	Free	Omnivore	Current
Labidocera_laevidentata	Copepoda	Calanoida	Pontellidae	Labidocera	FG9	2.041818182	2.36	0	Free	Omnivore	Current
Labidocera_minuta	Copepoda	Calanoida	Pontellidae	Labidocera	FG9	1.97931034482759	2.26	0	Free	Omnivore	Current
Labidocera_mirabilis	Copepoda	Calanoida	Pontellidae	Labidocera	NA	NA	NA	0	Free	Omnivore	Current
Labidocera_scotti	Copepoda	Calanoida	Pontellidae	Labidocera	FG9	2.44166666666667	3.05	0	Free	Omnivore	Current
Labidocera_wollastoni	Copepoda	Calanoida	Pontellidae	Labidocera	FG9	2.29285714285714	2.4	0	Free	Omnivore	Current
Labidocera_sp	Copepoda	Calanoida	Pontellidae	Labidocera	NA	NA	NA	0	Free	Omnivore	Current
Lophothrix_latipes	Copepoda	Calanoida	Scolecitrichidae	Lophotrix	NA	3.01814814814815	3.3	1	Free	NA	NA
Lubbockia_squillimana	Copepoda	Cyclopoida	Lubbockiidae	Lubbockia	NA	1.4812	2	0	Sac	NA	NA
Lucicutia_clausi	Copepoda	Calanoida	Lucicutiidae	Lucicutia	FG7	1.86590909090909	2.16	0	Free	Omnivore	Current
Lucicutia_flavicornis	Copepoda	Calanoida	Lucicutiidae	Lucicutia	FG9	1.61365714285714	2.5	0	Free	Omnivore	Current
Lucicutia_gaussae	Copepoda	Calanoida	Lucicutiidae	Lucicutia	FG9	1.39954545454545	1.6	0	Free	Omnivore	Current
Lucicutia_gemina	Copepoda	Calanoida	Lucicutiidae	Lucicutia	FG9	1.648	1.9	0	Free	Omnivore	Current
Lucicutia_ovalis	Copepoda	Calanoida	Lucicutiidae	Lucicutia	FG9	1.5947619047619	2	0	Free	Omnivore	Current
Lucicutia_sp	Copepoda	Calanoida	Lucicutiidae	Lucicutia	NA	NA	NA	0	Free	Omnivore	Current
Macrosetella_gracilis	Copepoda	Harpacticoida	Miraciidae	Macrosetella	FG1	1.40090909090909	1.8	0	Sac	Omnivore-Herbivore	Cruise
Mecynocera_clausi	Copepoda	Calanoida	Paracalanidae	Mecynocera	FG7	1.03948	1.29	1	Free	Omnivore-Herbivore	Current
Mesocalanus_tenuicornis	Copepoda	Calanoida	Calanidae	Mesocalanus	FG7	2.02703703703704	3.4	1	Free	Omnivore-Herbivore	Current
Metridia_brevicauda	Copepoda	Calanoida	Metridinidae	Metridia	FG3	1.93333333333333	2.25	0	Free	Omnivore	Cruise
Metridia_curticauda	Copepoda	Calanoida	Metridinidae	Metridia	FG3	2.96526315789474	3.8	0	Free	Omnivore	Cruise
Metridia_gerlachei	Copepoda	Calanoida	Metridinidae	Metridia	FG3	3.7725	4.3	0	Free	Omnivore	Cruise
Metridia_longa	Copepoda	Calanoida	Metridinidae	Metridia	FG3	3.86266666666667	4.8	0	Free	Omnivore	Cruise
Metridia_lucens	Copepoda	Calanoida	Metridinidae	Metridia	FG3	2.613	2.8	0	Free	Omnivore	Cruise
Metridia_okhotensis	Copepoda	Calanoida	Metridinidae	Metridia	FG3	4.41	4.8	0	Free	Omnivore	Cruise
Metridia_pacifica	Copepoda	Calanoida	Metridinidae	Metridia	FG3	2.94727272727273	3.45	0	Free	Omnivore	Cruise
Metridia_venusta	Copepoda	Calanoida	Metridinidae	Metridia	FG3	2.89083333333333	3.15	0	Free	Omnivore	Cruise
Metridia_sp	Copepoda	Calanoida	Metridinidae	Metridia	FG3	NA	NA	0	Free	Omnivore	Cruise
Microcalanus_pusillus	Copepoda	Calanoida	Clausocalanidae	Microcalanus	FG9	0.66	0.7	1	Free	Omnivore	Current
Microcalanus_pygmaeus	Copepoda	Calanoida	Clausocalanidae	Microcalanus	FG9	0.761851851851852	1.12	1	Free	Omnivore	Current
Microsetella_norvegica	Copepoda	Harpacticoida	Ectinosomatidae	Microsetella	FG3	0.489310344827586	0.76	0	Sac	Omnivore-Detritivore	Particles
Microsetella_rosea	Copepoda	Harpacticoida	Ectinosomatidae	Microsetella	FG3	0.740476190476191	1.3	0	Sac	Omnivore-Detritivore	Particles
Mimocalanus_cultrifer	Copepoda	Calanoida	Spinocalanidae	Mimocalanus	NA	1.536	1.95	1	Free	NA	NA
Mimocalanus_nudus	Copepoda	Calanoida	Spinocalanidae	Mimocalanus	NA	2.43857142857143	2.7	1	Free	NA	NA
Miracia_efferata	Copepoda	Harpacticoida	Miraciidae	Miracia	NA	1.71684210526316	2.2	0	Sac	NA	NA
Monothula_subtilis	Copepoda	Cyclopoida	Oncaeidae	Monothula	FG2	0.518	0.69	0	Sac	Omnivore-Detritivore	Cruise
Mormonilla_phasma	Copepoda	Mormonilloida	Mormonillidae	Mormonilla	NA	1.552	2.01	0	Free	NA	NA
Nannocalanus_minor	Copepoda	Calanoida	Calanidae	Nannocalanus	FG7	1.87727397260274	2.45	1	Free	Omnivore-Herbivore	Current
Neocalanus_cristatus	Copepoda	Calanoida	Calanidae	Neocalanus	FG6	8.91	10.4	1	Free	Omnivore-Herbivore	Current
Neocalanus_gracilis	Copepoda	Calanoida	Calanidae	Neocalanus	FG7	3.10963235294118	4.4	1	Free	Omnivore-Herbivore	Current
Neocalanus_plumchrus	Copepoda	Calanoida	Calanidae	Neocalanus	FG6	5.0075	6.32	1	Free	Omnivore-Herbivore	Current
Neocalanus_robustior	Copepoda	Calanoida	Calanidae	Neocalanus	FG7	3.89709677419355	4.65	1	Free	Omnivore-Herbivore	Current
Neocalanus_tonsus	Copepoda	Calanoida	Calanidae	Neocalanus	FG7	3.86875	4.6	1	Free	Omnivore-Herbivore	Current
Neocalanus_sp	Copepoda	Calanoida	Calanidae	Neocalanus	NA	NA	NA	1	Free	Omnivore-Herbivore	Current
Neomormonilla_minor	Copepoda	Mormonilloida	Mormonillidae	Neomormonilla	NA	1.18285714285714	1.38	0	NA	NA	NA
Neomormonilla_polaris	Copepoda	Mormonilloida	Mormonillidae	Neomormonilla	NA	1.45	1.56	0	NA	NA	NA
Neoscolecithrix_farrani	Copepoda	Calanoida	Scolecitrichidae	Neoscolecithrix	NA	2.10714285714286	2.37	1	Free	NA	NA
Nullosetigera_helgae	Copepoda	Calanoida	Nullosetigeridae	Nullosetigera	NA	2.382	2.9	0	Sac	NA	NA
Oculosetella_gracilis	Copepoda	Harpacticoida	Miraciidae	Oculosetella	NA	1.20166666666667	1.35	0	Sac	NA	NA
Oithona_atlantica	Copepoda	Cyclopoida	Oithonidae	Oithona	FG10	1.16571428571429	1.43	0	Sac	Omnivore	Ambush
Oithona_attenuata	Copepoda	Cyclopoida	Oithonidae	Oithona	FG10	0.7875	0.88	0	Sac	Omnivore	Ambush
Oithona_decipiens	Copepoda	Cyclopoida	Oithonidae	Oithona	FG10	0.65	0.81	0	Sac	Omnivore	Ambush
Oithona_fallax	Copepoda	Cyclopoida	Oithonidae	Oithona	FG10	0.859473684210526	1.01	0	Sac	Omnivore	Ambush
Oithona_frigida	Copepoda	Cyclopoida	Oithonidae	Oithona	FG10	1.26266666666667	1.4	0	Sac	Omnivore	Ambush
Oithona_longispina	Copepoda	Cyclopoida	Oithonidae	Oithona	FG10	1.1175	1.55	0	Sac	Omnivore	Ambush
Oithona_nana	Copepoda	Cyclopoida	Oithonidae	Oithona	FG10	0.5835	0.95	0	Sac	Omnivore	Ambush
Oithona_parvula	Copepoda	Cyclopoida	Oithonidae	Oithona	FG10	0.484166666666667	0.525	0	Sac	Omnivore	Ambush
Oithona_plumifera	Copepoda	Cyclopoida	Oithonidae	Oithona	FG10	1.2258064516129	1.9	0	Sac	Omnivore	Ambush
Oithona_pulla	Copepoda	Cyclopoida	Oithonidae	Oithona	NA	NA	NA	0	Sac	Omnivore	Ambush
Oithona_setigera	Copepoda	Cyclopoida	Oithonidae	Oithona	FG10	1.58282051282051	2.04	0	Sac	Omnivore	Ambush
Oithona_similis	Copepoda	Cyclopoida	Oithonidae	Oithona	FG10	0.825589285714286	1.2	0	Sac	Omnivore	Ambush
Oithona_simplex	Copepoda	Cyclopoida	Oithonidae	Oithona	FG10	0.4	0.46	0	Sac	Omnivore	Ambush
Oithona_tenuis	Copepoda	Cyclopoida	Oithonidae	Oithona	FG10	1.160625	1.37	0	Sac	Omnivore	Ambush
Oithona_sp	Copepoda	Cyclopoida	Oithonidae	Oithona	NA	NA	NA	0	Sac	Omnivore	Ambush
Oncaea_bathyalis	Copepoda	Cyclopoida	Oncaeidae	Oncaea	NA	NA	NA	0	Sac	Omnivore-Detritivore	Cruise
Oncaea_clevei	Copepoda	Cyclopoida	Oncaeidae	Oncaea	FG2	0.677894736842105	0.76	0	Sac	Omnivore-Detritivore	Cruise
Oncaea_curta	Copepoda	Cyclopoida	Oncaeidae	Oncaea	FG2	0.667142857142857	0.76	0	Sac	Omnivore-Detritivore	Cruise
Oncaea_curvata	Copepoda	Cyclopoida	Oncaeidae	Oncaea	FG2	0.686923076923077	0.8	0	Sac	Omnivore-Detritivore	Cruise
Oncaea_media	Copepoda	Cyclopoida	Oncaeidae	Oncaea	FG2	0.764411764705882	1.02	0	Sac	Omnivore-Detritivore	Cruise
Oncaea_mediterranea	Copepoda	Cyclopoida	Oncaeidae	Oncaea	FG2	1.19901960784314	1.6	0	Sac	Omnivore-Detritivore	Cruise
Oncaea_notopus	Copepoda	Cyclopoida	Oncaeidae	Oncaea	FG2	0.87	1.01	0	Sac	Omnivore-Detritivore	Cruise
Oncaea_ornata	Copepoda	Cyclopoida	Oncaeidae	Oncaea	FG2	0.875384615384615	1.07	0	Sac	Omnivore-Detritivore	Cruise
Oncaea_ovalis	Copepoda	Cyclopoida	Oncaeidae	Oncaea	FG2	0.464	0.54	0	Sac	Omnivore-Detritivore	Cruise
Oncaea_parila	Copepoda	Cyclopoida	Oncaeidae	Oncaea	FG2	0.678571428571429	0.76	0	Sac	Omnivore-Detritivore	Cruise
Oncaea_scottodicarloi	Copepoda	Cyclopoida	Oncaeidae	Oncaea	FG2	0.615875	0.78	0	Sac	Omnivore-Detritivore	Cruise
Oncaea_shmelevi	Copepoda	Cyclopoida	Oncaeidae	Oncaea	FG2	0.695	0.72	0	Sac	Omnivore-Detritivore	Cruise
Oncaea_venusta	Copepoda	Cyclopoida	Oncaeidae	Oncaea	FG2	1.16265573770492	1.7	0	Sac	Omnivore-Detritivore	Cruise
Oncaea_waldemari	Copepoda	Cyclopoida	Oncaeidae	Oncaea	FG2	0.505833333333333	0.58	0	Sac	Omnivore-Detritivore	Cruise
Oncaea_sp	Copepoda	Cyclopoida	Oncaeidae	Oncaea	NA	NA	NA	0	Sac	Omnivore-Detritivore	Cruise
Onychocorycaeus_agilis	Copepoda	Cyclopoida	Corycaeidae	Onychocorycaeus	FG4	0.979565217391304	1.4	0	Sac	Carnivore	Ambush
Onychocorycaeus_catus	Copepoda	Cyclopoida	Corycaeidae	Onychocorycaeus	FG4	0.989473684210526	1.18	0	Sac	Carnivore	Ambush
Onychocorycaeus_giesbrechti	Copepoda	Cyclopoida	Corycaeidae	Onychocorycaeus	FG4	1.05	1.3	0	Sac	Carnivore	Ambush
Onychocorycaeus_latus	Copepoda	Cyclopoida	Corycaeidae	Onychocorycaeus	FG4	1.01307692307692	1.18	0	Sac	Carnivore	Ambush
Onychocorycaeus_ovalis	Copepoda	Cyclopoida	Corycaeidae	Onychocorycaeus	FG4	1.22176470588235	1.65	0	Sac	Carnivore	Ambush
Onychocorycaeus_pacificus	Copepoda	Cyclopoida	Corycaeidae	Onychocorycaeus	FG4	1.13125	1.22	0	Sac	Carnivore	Ambush
Onychocorycaeus_sp	Copepoda	Cyclopoida	Corycaeidae	Onychocorycaeus	FG4	NA	NA	0	Sac	Carnivore	Ambush
Paracalanus_aculeatus	Copepoda	Calanoida	Paracalanidae	Paracalanus	FG7	1.08513513513514	1.45	1	Free	Omnivore-Herbivore	Current
Paracalanus_denudatus	Copepoda	Calanoida	Paracalanidae	Paracalanus	FG7	0.764090909090909	0.96	1	Free	Omnivore-Herbivore	Current
Paracalanus_indicus	Copepoda	Calanoida	Paracalanidae	Paracalanus	FG7	0.90625	1.3	1	Free	Omnivore-Herbivore	Current
Paracalanus_nanus	Copepoda	Calanoida	Paracalanidae	Paracalanus	FG7	0.764090909090909	0.96	1	Free	Omnivore-Herbivore	Current
Paracalanus_parvus	Copepoda	Calanoida	Paracalanidae	Paracalanus	FG7	0.90625	1.3	1	Free	Omnivore-Herbivore	Current
Paracalanus_quasimodo	Copepoda	Calanoida	Paracalanidae	Paracalanus	FG7	0.856666666666667	1	1	Free	Omnivore-Herbivore	Current
Paracalanus_sp	Copepoda	Calanoida	Paracalanidae	Paracalanus	FG7	NA	NA	1	Free	Omnivore-Herbivore	Current
Paraeuchaeta_antarctica	Copepoda	Calanoida	Euchaetidae	Paraeuchaeta	FG5	8.320625	10.4	1	Sac	Carnivore	NA
Paraeuchaeta_elongata	Copepoda	Calanoida	Euchaetidae	Paraeuchaeta	FG5	6.91666666666667	8	1	Sac	Carnivore	Current-Cruise
Paraeuchaeta_exigua	Copepoda	Calanoida	Euchaetidae	Paraeuchaeta	FG5	6.86777777777778	7.66	1	Sac	Carnivore	Current-Cruise
Paraeuchaeta_glacialis	Copepoda	Calanoida	Euchaetidae	Paraeuchaeta	FG5	10.09	11	1	Sac	Carnivore	Current-Cruise
Paraeuchaeta_gracilis	Copepoda	Calanoida	Euchaetidae	Paraeuchaeta	FG5	6.50863636363636	7.04	1	Sac	Carnivore	Current-Cruise
Paraeuchaeta_hebes	Copepoda	Calanoida	Euchaetidae	Paraeuchaeta	FG5	3.04745833333333	3.63	1	Sac	Carnivore	Current-Cruise
Paraeuchaeta_norvegica	Copepoda	Calanoida	Euchaetidae	Paraeuchaeta	FG5	8.20909090909091	11	1	Sac	Carnivore	Current-Cruise
Paraeuchaeta_sp	Copepoda	Calanoida	Euchaetidae	Paraeuchaeta	FG5	NA	NA	1	Sac	Carnivore	NA
Paraheterorhabdus_compactus	Copepoda	Calanoida	Heterorhabdidae	Paraheterorhabdus	FG8	2.90142857142857	3.5	0	Free	Omnivore-Carnivore	NA
Paraheterorhabdus_farrani	Copepoda	Calanoida	Heterorhabdidae	Paraheterorhabdus	FG8	3.95272727272727	4.35	0	Free	Omnivore-Carnivore	NA
Paraheterorhabdus_vipera	Copepoda	Calanoida	Heterorhabdidae	Paraheterorhabdus	FG8	2.45285714285714	2.8	0	Free	Omnivore-Carnivore	NA
Parapontella_brevicornis	Copepoda	Calanoida	Parapontellidae	Parapontella	NA	1.426	1.6	0	Free	NA	NA
Pareucalanus_attenuatus	Copepoda	Calanoida	Eucalanidae	Pareucalanus	FG6	4.62290625	7.3	1	Free	Omnivore-Herbivore	Current
Pareucalanus_sewelli	Copepoda	Calanoida	Eucalanidae	Pareucalanus	FG6	4.618	6.1	1	Free	Omnivore-Herbivore	Current
Parvocalanus_crassirostris	Copepoda	Calanoida	Paracalanidae	Parvocalanus	NA	0.540612903225806	0.82	1	Free	NA	NA
Parvocalanus_elegans	Copepoda	Calanoida	Paracalanidae	Parvocalanus	FG7	0.520777777777778	0.63	1	Free	NA	Current
Parvocalanus_latus	Copepoda	Calanoida	Paracalanidae	Parvocalanus	NA	NA	NA	1	Free	NA	Current
Phaenna_spinifera	Copepoda	Calanoida	Phaennidae	Phaenna	NA	2.1255	3.02	1	Free	NA	NA
Pleuromamma_abdominalis	Copepoda	Calanoida	Metridinidae	Pleuromamma	FG9	3.1677358490566	4.5	0	Free	Omnivore	Current
Pleuromamma_antarctica	Copepoda	Calanoida	Metridinidae	Pleuromamma	FG9	3.859	4.64	0	Free	Omnivore	Current
Pleuromamma_borealis	Copepoda	Calanoida	Metridinidae	Pleuromamma	FG9	2.05115384615385	2.5	0	Free	Omnivore	Current
Pleuromamma_gracilis	Copepoda	Calanoida	Metridinidae	Pleuromamma	FG9	1.93679245283019	2.55	0	Free	Omnivore	Current
Pleuromamma_indica	Copepoda	Calanoida	Metridinidae	Pleuromamma	FG9	2.2225	2.72	0	Free	Omnivore	Current
Pleuromamma_piseki	Copepoda	Calanoida	Metridinidae	Pleuromamma	FG9	1.94344827586207	2.4	0	Free	Omnivore	Current
Pleuromamma_quadrungulata	Copepoda	Calanoida	Metridinidae	Pleuromamma	FG9	3.62857142857143	5	0	Free	Omnivore	Current
Pleuromamma_robusta	Copepoda	Calanoida	Metridinidae	Pleuromamma	FG9	3.63264705882353	4.7	0	Free	Omnivore	Current
Pleuromamma_scutullata	Copepoda	Calanoida	Metridinidae	Pleuromamma	FG9	4.01272727272727	5	0	Free	Omnivore	Current
Pleuromamma_xiphias	Copepoda	Calanoida	Metridinidae	Pleuromamma	FG9	4.54	5.87	0	Free	Omnivore	Current
Pleuromamma_sp	Copepoda	Calanoida	Metridinidae	Pleuromamma	FG9	NA	NA	0	Free	Omnivore	Current
Pontella_securifer	Copepoda	Calanoida	Pontellidae	Pontella	NA	NA	NA	0	Free	Carnivore	Ambush
Pontellina_plumata	Copepoda	Calanoida	Pontellidae	Pontellina	FG8	1.68590909090909	1.94	0	Free	Carnivore	Ambush
Pseudoamallothrix_cenotelis	Copepoda	Calanoida	Scolecitrichidae	Pseudoamallothrix	NA	2.175	2.34	1	Free	NA	NA
Pseudoamallothrix_ovata	Copepoda	Calanoida	Scolecitrichidae	Pseudoamallothrix	NA	2.01761904761905	2.5	1	Free	NA	NA
Pseudocalanus_acuspes	Copepoda	Calanoida	Clausocalanidae	Pseudocalanus	FG7	1.66	1.97	1	Sac	Omnivore-Herbivore	Current
Pseudocalanus_elongatus	Copepoda	Calanoida	Clausocalanidae	Pseudocalanus	FG7	1.2441875	1.77	1	Sac	Omnivore-Herbivore	Current
Pseudocalanus_minutus	Copepoda	Calanoida	Clausocalanidae	Pseudocalanus	FG7	1.44428571428571	2.14	1	Sac	Omnivore-Herbivore	Current
Pseudocalanus_newmani	Copepoda	Calanoida	Clausocalanidae	Pseudocalanus	FG7	1.1925	1.53	1	Sac	Omnivore-Herbivore	Current
Pseudochirella_spectabilis	Copepoda	Calanoida	Aetideidae	Pseudochirella	NA	7.64777777777778	8	1	NA	NA	NA
Racovitzanus_antarcticus	Copepoda	Calanoida	Scolecitrichidae	Racovitzanus	FG3	2.23	2.48	1	Free	Omnivore-Detritivore	Current
Rhincalanus_cornutus	Copepoda	Calanoida	Rhincalanidae	Rhincalanus	FG7	3.28851851851852	4.16	1	Free	Omnivore-Herbivore	Current
Rhincalanus_gigas	Copepoda	Calanoida	Rhincalanidae	Rhincalanus	FG6	8.25	10	1	Free	Omnivore-Herbivore	Current
Rhincalanus_nasutus	Copepoda	Calanoida	Rhincalanidae	Rhincalanus	FG6	4.3912962962963	6.1	1	Free	Omnivore-Herbivore	Current
Sapphirina_angusta	Copepoda	Cyclopoida	Sapphirinidae	Sapphirina	FG5	3.26895744680851	5	0	Sac	Carnivore	Cruise
Sapphirina_gemma	Copepoda	Cyclopoida	Sapphirinidae	Sapphirina	FG5	2.4917619047619	3.507	0	Sac	Carnivore	Cruise
Sapphirina_nigromaculata	Copepoda	Cyclopoida	Sapphirinidae	Sapphirina	FG5	1.94482608695652	3.79	0	Sac	Carnivore	Cruise
Sapphirina_opalina	Copepoda	Cyclopoida	Sapphirinidae	Sapphirina	FG5	2.74425806451613	4.054	0	Sac	Carnivore	Cruise
Sapphirina_ovatolanceolata	Copepoda	Cyclopoida	Sapphirinidae	Sapphirina	FG5	2.47969444444444	3.65	0	Sac	Carnivore	Cruise
Sapphirina_scarlata	Copepoda	Cyclopoida	Sapphirinidae	Sapphirina	FG5	3.005	4.65	0	Sac	Carnivore	Cruise
Sapphirina_stellata	Copepoda	Cyclopoida	Sapphirinidae	Sapphirina	FG5	2.39764705882353	4.5	0	Sac	Carnivore	Cruise
Sapphirina_sp	Copepoda	Cyclopoida	Sapphirinidae	Sapphirina	FG5	NA	NA	0	Sac	Carnivore	Cruise
Scaphocalanus_brevicornis	Copepoda	Calanoida	Scolecitrichidae	Scaphocalanus	FG3	2.24666666666667	2.66	1	Free	Omnivore-Detritivore	Current
Scaphocalanus_brevirostris	Copepoda	Calanoida	Scolecitrichidae	Scaphocalanus	FG3	1.90666666666667	2.04	1	Free	Omnivore-Detritivore	Current
Scaphocalanus_curtus	Copepoda	Calanoida	Scolecitrichidae	Scaphocalanus	FG3	1.20495238095238	1.76	1	Free	Omnivore-Detritivore	Current
Scaphocalanus_echinatus	Copepoda	Calanoida	Scolecitrichidae	Scaphocalanus	FG3	2.13214285714286	2.56	1	Free	Omnivore-Detritivore	Current
Scaphocalanus_farrani	Copepoda	Calanoida	Scolecitrichidae	Scaphocalanus	FG3	2.58	2.92	1	Free	Omnivore-Detritivore	Current
Scaphocalanus_magnus	Copepoda	Calanoida	Scolecitrichidae	Scaphocalanus	FG3	4.62289473684211	5.6	1	Free	Omnivore-Detritivore	Current
Scaphocalanus_vervoorti	Copepoda	Calanoida	Scolecitrichidae	Scaphocalanus	FG3	1.756	2.03	1	Free	Omnivore-Detritivore	Current
Scaphocalanus_sp	Copepoda	Calanoida	Scolecitrichidae	Scaphocalanus	FG3	NA	NA	1	Free	Omnivore-Detritivore	Current
Scolecithricella_abyssalis	Copepoda	Calanoida	Scolecitrichidae	Scolecithricella	FG3	1.93777777777778	2.21	1	Free	Omnivore-Detritivore	Current
Scolecithricella_dentata	Copepoda	Calanoida	Scolecitrichidae	Scolecithricella	FG3	1.528	2.07	1	Free	Omnivore-Detritivore	Current
Scolecithricella_minor	Copepoda	Calanoida	Scolecitrichidae	Scolecithricella	FG3	1.33971428571429	1.7	1	Free	Omnivore-Detritivore	Current
Scolecithricella_nicobarica	Copepoda	Calanoida	Scolecitrichidae	Scolecithricella	FG3	1.3586	1.5	1	Free	Omnivore-Detritivore	Current
Scolecithricella_orientalis	Copepoda	Calanoida	Scolecitrichidae	Scolecithricella	NA	NA	NA	1	Free	Omnivore-Detritivore	Current
Scolecithricella_vittata	Copepoda	Calanoida	Scolecitrichidae	Scolecithricella	FG3	1.7052	2	1	Free	Omnivore-Detritivore	Current
Scolecithricella_sp	Copepoda	Calanoida	Scolecitrichidae	Scolecithricella	NA	NA	NA	1	Free	Omnivore-Detritivore	Current
Scolecithrix_bradyi	Copepoda	Calanoida	Scolecitrichidae	Scolecithrix	FG3	1.25852941176471	1.61	1	Free	Omnivore-Detritivore	NA
Scolecithrix_danae	Copepoda	Calanoida	Scolecitrichidae	Scolecithrix	FG3	2.09655737704918	2.52	1	Free	Omnivore-Detritivore	NA
Scolecitrichopsis_ctenopus	Copepoda	Calanoida	Scolecitrichidae	Scolecitrichopsis	NA	1.47666666666667	1.65	1	Free	NA	NA
Spinocalanus_abyssalis	Copepoda	Calanoida	Spinocalanidae	Spinocalanus	FG3	1.32428571428571	1.89	1	Free	Omnivore-Detritivore	Current-Cruise
Spinocalanus_antarcticus	Copepoda	Calanoida	Spinocalanidae	Spinocalanus	FG3	2.518	3.15	1	Free	Omnivore-Detritivore	Current-Cruise
Spinocalanus_brevicaudatus	Copepoda	Calanoida	Spinocalanidae	Spinocalanus	FG3	1.74	2.4	1	Free	Omnivore-Detritivore	Current-Cruise
Spinocalanus_elongatus	Copepoda	Calanoida	Spinocalanidae	Spinocalanus	FG3	1.675	1.8	1	Free	Omnivore-Detritivore	Current-Cruise
Spinocalanus_longicornis	Copepoda	Calanoida	Spinocalanidae	Spinocalanus	FG3	1.07727272727273	1.3	1	Free	Omnivore-Detritivore	Current-Cruise
Spinocalanus_magnus	Copepoda	Calanoida	Spinocalanidae	Spinocalanus	FG3	2.55212121212121	3.1	1	Free	Omnivore-Detritivore	Current-Cruise
Spinocalanus_polaris	Copepoda	Calanoida	Spinocalanidae	Spinocalanus	FG3	1.29857142857143	1.6	1	Free	Omnivore-Detritivore	Current-Cruise
Spinocalanus_terranovae	Copepoda	Calanoida	Spinocalanidae	Spinocalanus	FG3	1.8	2.2	1	Free	Omnivore-Detritivore	Current-Cruise
Spinocalanus_sp	Copepoda	Calanoida	Spinocalanidae	Spinocalanus	FG3	NA	NA	1	Free	Omnivore-Detritivore	Current-Cruise
Stephos_longipes	Copepoda	Calanoida	Stephidae	Stephos	NA	0.82	0.96	1	Free	NA	NA
Subeucalanus_crassus	Copepoda	Calanoida	Subeucalanidae	Subeucalanus	FG7	3.25173913043478	4.6	1	Free	Omnivore-Herbivore	Current
Subeucalanus_longiceps	Copepoda	Calanoida	Subeucalanidae	Subeucalanus	FG7	4.53333333333333	5.1	1	Free	Omnivore-Herbivore	Current
Subeucalanus_monachus	Copepoda	Calanoida	Subeucalanidae	Subeucalanus	FG7	2.31041666666667	2.84	1	Free	Omnivore-Herbivore	Current
Subeucalanus_mucronatus	Copepoda	Calanoida	Subeucalanidae	Subeucalanus	FG7	3.14785714285714	3.49	1	Free	Omnivore-Herbivore	Current
Subeucalanus_pileatus	Copepoda	Calanoida	Subeucalanidae	Subeucalanus	FG7	2.10571428571429	2.5	1	Free	Omnivore-Herbivore	Current
Subeucalanus_subcrassus	Copepoda	Calanoida	Subeucalanidae	Subeucalanus	FG7	2.36724324324324	2.92	1	Free	Omnivore-Herbivore	Current
Subeucalanus_subtenuis	Copepoda	Calanoida	Subeucalanidae	Subeucalanus	FG7	2.8609375	3.7	1	Free	Omnivore-Herbivore	Current
Subeucalanus_sp	Copepoda	Calanoida	Subeucalanidae	Subeucalanus	FG7	NA	NA	1	Free	Omnivore-Herbivore	Current
Temora_discaudata	Copepoda	Calanoida	Temoridae	Temora	FG7	2.10571428571429	2.5	0	Free	Omnivore-Herbivore	Current
Temora_longicornis	Copepoda	Calanoida	Temoridae	Temora	FG9	2.36724324324324	2.92	0	Free	Omnivore	Current
Temora_stylifera	Copepoda	Calanoida	Temoridae	Temora	FG9	2.8609375	3.7	0	Free	Omnivore	Current
Temora_turbinata	Copepoda	Calanoida	Temoridae	Temora	FG7	2.10571428571429	2.5	0	Free	Omnivore-Herbivore	Current
Temora_sp	Copepoda	Calanoida	Temoridae	Temora	NA	NA	NA	0	Free	Omnivore-Herbivore	Current
Temorites_brevis	Copepoda	Calanoida	Bathypontiidae	Temorites	NA	2.36724324324324	2.92	1	Free	NA	NA
Temoropia_mayumbaensis	Copepoda	Calanoida	Fosshageniidae	Temoropia	NA	2.8609375	3.7	1	Free	NA	NA
Tortanus_discaudatus	Copepoda	Calanoida	Tortanidae	Tortanus	FG3	2.156875	3.1	0	Free	Omnivore-Carnivore	Cruise
Triconia_antarctica	Copepoda	Cyclopoida	Oncaeidae	Triconia	FG2	1.22	1.4	0	Sac	Omnivore-Detritivore	Cruise
Triconia_borealis	Copepoda	Cyclopoida	Oncaeidae	Triconia	FG2	0.680076923076923	0.8	0	Sac	Omnivore-Detritivore	Cruise
Triconia_conifera	Copepoda	Cyclopoida	Oncaeidae	Triconia	FG2	1.12	1.5	0	Sac	Omnivore-Detritivore	Cruise
Triconia_dentipes	Copepoda	Cyclopoida	Oncaeidae	Triconia	FG2	0.497	0.57	0	Sac	Omnivore-Detritivore	Cruise
Triconia_minuta	Copepoda	Cyclopoida	Oncaeidae	Triconia	FG2	0.5317	0.76	0	Sac	Omnivore-Detritivore	Cruise
Triconia_similis	Copepoda	Cyclopoida	Oncaeidae	Triconia	FG2	0.727857142857143	0.9	0	Sac	Omnivore-Detritivore	Cruise
Triconia_sp	Copepoda	Cyclopoida	Oncaeidae	Triconia	FG2	NA	NA	0	Sac	Omnivore-Detritivore	Cruise
Undeuchaeta_major	Copepoda	Calanoida	Aetideidae	Undeuchaeta	FG5	4.92161290322581	6.5	1	Sac	Omnivore-Carnivore	Current
Undeuchaeta_plumosa	Copepoda	Calanoida	Aetideidae	Undeuchaeta	FG5	3.75621621621622	4.65	1	Sac	Omnivore-Carnivore	Current
Undinella_oblonga	Copepoda	Calanoida	Tharybidae	Undinella	NA	2.79833333333333	3	1	NA	NA	NA
Undinula_vulgaris	Copepoda	Calanoida	Calanidae	Undinula	FG9	2.63316666666667	3.25	1	Free	Omnivore	Current
Urocorycaeus_furcifer	Copepoda	Cyclopoida	Corycaeidae	Urocorycaeus	FG4	1.82708333333333	2.1	0	Sac	Carnivore	Ambush
Urocorycaeus_lautus	Copepoda	Cyclopoida	Corycaeidae	Urocorycaeus	FG4	2.76072222222222	3.05	0	Sac	Carnivore	Ambush
Urocorycaeus_longistylis	Copepoda	Cyclopoida	Corycaeidae	Urocorycaeus	FG4	2.65957894736842	3.04	0	Sac	Carnivore	Ambush
Vettoria_granulosa	Copepoda	Cyclopoida	Sapphirinidae	Vettoria	FG4	0.72875	0.85	0	Sac	Carnivore	Ambush
Vettoria_parva	Copepoda	Cyclopoida	Sapphirinidae	Vettoria	FG4	0.88375	0.93	0	Sac	Carnivore	Ambush
