Species_Name	Taxonomic Group	MFT (MIXOPLANKTON FUNCTIONAL CLASSIFICATION)	can form colonies	HABs	MIXOPLANKTON SIZE	Mode of feeding	ability to use NO3 
Acanthochiasma	Radiolaria	eSNCM	no	not recorded	micro	axopodia;engulfment	not_recorded
Acanthometra_fusca	Radiolaria	eSNCM	no	not recorded	micro-meso	axopodia;engulfment	not_recorded
Acanthodesmia_vinculata	Radiolaria	eSNCM	no	not recorded	meso	axopodia;engulfment	not_recorded
Acanthometra_pellucida	Radiolaria	eSNCM	no	not recorded	micro-meso	axopodia;engulfment	not_recorded
Acanthometron	Radiolaria	eSNCM	no	not recorded	micro-meso	axopodia;engulfment	not_recorded
Acanthometron_pellucida	Radiolaria	eSNCM	no	not recorded	micro-meso	axopodia;engulfment	not_recorded
Acanthostaurus_conacanthus	Radiolaria	eSNCM	no	not recorded	micro-meso	axopodia;engulfment	not_recorded
Acanthostaurus_nordgaardi	Radiolaria	eSNCM	no	not recorded	micro-meso	axopodia;engulfment	not_recorded
Acanthostaurus_purpurascens	Radiolaria	eSNCM	no	not recorded	micro-meso	axopodia;engulfment	not_recorded
Acrosphaera_murrayana	Radiolaria	eSNCM	no	not recorded	micro	axopodia;engulfment	not_recorded
Acrosphaera_spinosa	Radiolaria	eSNCM	no	not recorded	micro	axopodia;engulfment	not_recorded
Actinomma_boreale	Radiolaria	eSNCM	no	not recorded	micro	axopodia;engulfment	not_recorded
Akashiwo_sanguinea	Dinoflagellata	CM	no	yes	micro	engulfment	yes
Alexandrium_andersonii	Dinoflagellata	CM	no	yes	micro	engulfment	yes
Alexandrium_catenella	Dinoflagellata	CM	no	yes	micro	engulfment	yes
Alexandrium_minutum	Dinoflagellata	CM	no	yes	micro	engulfment	yes
Alexandrium_ostenfeldii	Dinoflagellata	CM	no	yes	micro	engulfment	yes
Alexandrium_pacificum	Dinoflagellata	CM	no	yes	micro	engulfment	yes
Alexandrium_pohangense	Dinoflagellata	CM	no	not recorded	micro	engulfment	yes
Alexandrium_pseudogonyaulax	Dinoflagellata	CM	no	yes	micro	engulfment	yes
Amphibelone_anomala	Radiolaria	eSNCM	no	not recorded	micro-meso	axopodia;engulfment	not_recorded
Amphibelone_cultellata	Radiolaria	eSNCM	no	not recorded	micro-meso	axopodia;engulfment	not_recorded
Amphibelone_heteracanthum	Radiolaria	eSNCM	no	not recorded	micro-meso	axopodia;engulfment	not_recorded
Amphidiniella_sedentaria	Dinoflagellata	CM	no	not recorded	nano	not_recorded	yes
Amphidinium_carterae	Dinoflagellata	CM	no	yes	nano	not_recorded	yes
Amphidinium_scissum	Dinoflagellata	CM	no	not recorded	micro	not_recorded	not_recorded
Amphidinium_steinii	Dinoflagellata	CM	no	not recorded	micro	not_recorded	not_recorded
Amphilonche_elongata	Radiolaria	eSNCM	no	not recorded	micro-meso	axopodia;engulfment	not_recorded
Amphisolenia_bidentata	Dinoflagellata	eSNCM	no	not recorded	micro	not_recorded	not_recorded
Amphisolenia_brevicauda	Dinoflagellata	eSNCM	no	not recorded	micro	not_recorded	not_recorded
Amphisolenia_elongata	Dinoflagellata	eSNCM	no	not recorded	micro	not_recorded	not_recorded
Amphisolenia_globifera	Dinoflagellata	eSNCM	no	not recorded	micro	not_recorded	not_recorded
Amphisolenia_inflata	Dinoflagellata	eSNCM	no	not recorded	micro	not_recorded	not_recorded
Amphisolenia_laticincta	Dinoflagellata	eSNCM	no	not recorded	micro	not_recorded	not_recorded
Amphisolenia_palmata	Dinoflagellata	eSNCM	no	not recorded	micro	not_recorded	not_recorded
Amphisolenia_rectangulata	Dinoflagellata	eSNCM	no	not recorded	micro	not_recorded	not_recorded
Amphisolenia_schauinslandii	Dinoflagellata	eSNCM	no	not recorded	micro	not_recorded	not_recorded
Amphisolenia_thrinax	Dinoflagellata	eSNCM	no	not recorded	micro	not_recorded	not_recorded
Amphisorus_hemprichii	Foraminifera	eSNCM	no	not recorded	meso	engulfment_after_immobilization	no
Amphistaurus_tetrapterus	Radiolaria	eSNCM	no	not recorded	micro-meso	axopodia;engulfment	not_recorded
Amylax_triacantha	Dinoflagellata	pSNCM	no	not recorded	micro	engulfment	not_recorded
Androcyclas_gamphonycha	Radiolaria	eSNCM	no	not recorded	micro-meso	axopodia;engulfment	not_recorded
Ansanella_granifera	Dinoflagellata	CM	no	not recorded	nano	engulfment	yes
Apicoporus_glaber	Dinoflagellata	CM	no	not recorded	micro	not_recorded	not_recorded
Apicoporus_parvidiaboli	Dinoflagellata	CM	no	not recorded	micro	not_recorded	not_recorded
Amphistegina_gibbosa	Foraminifera	eSNCM	no	not recorded	meso	engulfment_after_immobilization	not_applicable
Barrufeta_bravensis	Dinoflagellata	CM	no	not recorded	micro	not_recorded	yes
Barrufeta_resplendens	Dinoflagellata	CM	no	not recorded	micro	feeding_tube	no
Biecheleria_baltica	Dinoflagellata	CM	no	not recorded	micro	feeding_tube	not_recorded
Biecheleria_cincta	Dinoflagellata	CM	no	not recorded	nano	feeding_tube	yes
Biecheleriopsis_adriatica	Dinoflagellata	CM	no	not recorded	nano	not_recorded	yes
Bispinodinium_angelaceum	Dinoflagellata	CM	no	not recorded	micro	not_recorded	not_recorded
Blastodinium_galatheanum	Dinoflagellata	CM	no	not recorded	nano-micro	intake_of_organic_substances_from_host	not_recorded
Blastodinium	Dinoflagellata	CM	no	not recorded	nano-micro	intake_of_organic_substances_from_host	not_recorded
Blixaea_quinquecornis	Dinoflagellata	eSNCM	no	not recorded	micro	not_recorded	not_recorded
Botryostrobus_auritus_australis	Radiolaria	eSNCM	no	not recorded	micro	axopodia;engulfment	not_recorded
Brachidinium_capitatum	Dinoflagellata	CM	no	not recorded	micro	not_recorded	not_recorded
Bysmatrum_austrafrum	Dinoflagellata	CM	no	not recorded	micro	not_recorded	not_recorded
Calcidiscus_leptoporus	Haptophyta	CM	no	not recorded	nano	engulfment	yes
Callimitra_carolotae	Radiolaria	eSNCM	no	not recorded	meso	axopodia;engulfment	not_recorded
Calyptrosphaera_sphaeroidea_	Haptophyta	CM	no	not recorded	nano	engulfment	yes
Candeina_nitida	Foraminifera	eSNCM	no	not recorded	meso	engulfment_after_immobilization	not_applicable
Ceratospyris_hyperborea	Radiolaria	eSNCM	no	not recorded	micro	axopodia;engulfment	not_recorded
Chattonella_marina_var._ovata	Ochrophyta	CM	no	yes	micro	engulfment	yes
Chattonella_subsalsa	Ochrophyta	CM	no	yes	micro	engulfment	yes
Chrysochromulina_acantha	Haptophyta	CM	no	not recorded	nano	engulfment	yes
Chrysochromulina_camella	Haptophyta	CM	no	not recorded	nano-micro	engulfment	yes
Chrysochromulina_chiton	Haptophyta	CM	no	not recorded	nano-micro	engulfment	yes
Chrysochromulina_cymbium	Haptophyta	CM	no	not recorded	nano-micro	engulfment	yes
Chrysochromulina_kappa	Haptophyta	CM	no	not recorded	nano	engulfment	yes
Chrysochromulina_leadbeateri	Haptophyta	CM	no	yes	nano	engulfment	yes
Chrysochromulina_minor	Haptophyta	CM	no	not recorded	nano-micro	engulfment	yes
Chrysochromulina_pringsheimii	Haptophyta	CM	no	not recorded	nano-micro	engulfment	yes
Citharistes_apsteinii	Dinoflagellata	eSNCM	no	not recorded	micro	not_recorded	not_recorded
Citharistes_regius	Dinoflagellata	eSNCM	no	not recorded	micro	not_recorded	not_recorded
Clathrocanium_coarctatum	Radiolaria	eSNCM	no	not recorded	micro	axopodia;engulfment	not_recorded
Coccolithus_braarudii	Haptophyta	CM	no	not recorded	nano	engulfment	yes
Collophidium_ellipsoides	Radiolaria	eSNCM	yes	not recorded	meso-macro	axopodia;engulfment	not_recorded
Collophidium_ovatum	Radiolaria	eSNCM	yes	not recorded	meso-macro	axopodia;engulfment	not_recorded
Collophidium_serpentinum	Radiolaria	eSNCM	yes	not recorded	meso-macro	axopodia;engulfment	not_recorded
Collosphaera_globularis-huxleyi	Radiolaria	eSNCM	yes	not recorded	micro	axopodia;engulfment	not_recorded
Collosphaera_huxleyi	Radiolaria	eSNCM	yes	not recorded	micro	axopodia;engulfment	not_recorded
Collosphaera_tuberosa	Radiolaria	eSNCM	yes	not recorded	micro	axopodia;engulfment	not_recorded
Collozoum_ameboides	Radiolaria	eSNCM	yes	not recorded	meso	axopodia;engulfment	not_recorded
Collozoum_caudatum	Radiolaria	eSNCM	yes	not recorded	macro	axopodia;engulfment	not_recorded
Collozoum_coeruleum	Radiolaria	eSNCM	yes	not recorded	macro	axopodia;engulfment	not_recorded
Collozoum_fulvum	Radiolaria	eSNCM	yes	not recorded	meso	axopodia;engulfment	not_recorded
Collozoum_hertwigi	Radiolaria	eSNCM	yes	not recorded	meso	axopodia;engulfment	not_recorded
Collozoum_inerme	Radiolaria	eSNCM	yes	not recorded	meso	axopodia;engulfment	not_recorded
Collozoum_longiforme	Radiolaria	eSNCM	yes	not recorded	macro	axopodia;engulfment	not_recorded
Collozoum_minus	Radiolaria	eSNCM	yes	not recorded	meso	axopodia;engulfment	not_recorded
Collozoum_moebii	Radiolaria	eSNCM	yes	not recorded	macro	axopodia;engulfment	not_recorded
Collozoum_pelagicum	Radiolaria	eSNCM	yes	not recorded	meso	axopodia;engulfment	not_recorded
Collozoum_radiosum	Radiolaria	eSNCM	yes	not recorded	macro	axopodia;engulfment	not_recorded
Collozoum_serpentinum	Radiolaria	eSNCM	yes	not recorded	meso	axopodia;engulfment	not_recorded
Collozoum_vermiforme	Radiolaria	eSNCM	yes	not recorded	meso	axopodia;engulfment	not_recorded
Coolia	Dinoflagellata	CM	no	yes	micro	not_recorded	yes
Crepidoodinium_australe	Dinoflagellata	CM	no	not recorded	nano	not_recorded	not_recorded
Crepidoodinium_cyprinodontum	Dinoflagellata	CM	no	not recorded	nano	not_recorded	not_recorded
Cryptochlora_perforans	Cercozoa	CM	no	not recorded	nano	not_recorded	yes
Cryptoperidiniopsis_sp	Dinoflagellata	GNCM	no	not recorded	nano	feeding_tube	not_recorded
Cymbomonas_tetramitiformis	Chlorophyta	CM	no	not recorded	nano	engulfment	yes
Cyrtostrombidium_paraboreale	Ciliophora	GNCM	no	not recorded	micro	filter_feeding	not_recorded
Cyclorbiculina_compressa	Foraminifera	eSNCM	no	not recorded	meso	engulfment_after_immobilization	not_applicable
Dactylodinium_pterobelotum	Dinoflagellata	CM	no	not recorded	nano-micro	feeding_tube	not_recorded
Dictyocoryne_profunda	Radiolaria	eSNCM	no	not recorded	meso	axopodia;engulfment	not_recorded
Dictyocoryne_truncatum	Radiolaria	eSNCM	no	not recorded	meso	axopodia;engulfment	not_recorded
Didymocyrtis_tetrathalamus	Radiolaria	eSNCM	no	not recorded	micro	axopodia;engulfment	not_recorded
Dinobryon_balticum	Ochrophyta	CM	no	not recorded	nano	engulfment	yes
Dinobryon_faculiferum	Ochrophyta	CM	no	not recorded	nano	engulfment	yes
Dinophysis_acuminata	Dinoflagellata	pSNCM	no	yes	micro	feeding_tube	no
Dinophysis_acuta	Dinoflagellata	pSNCM	no	yes	micro	feeding_tube	not_recorded
Dinophysis_caudata	Dinoflagellata	pSNCM	yes	yes	micro	feeding_tube	not_recorded
Dinophysis_fortii	Dinoflagellata	pSNCM	no	yes	micro	feeding_tube	not_recorded
Dinophysis_infundibulum	Dinoflagellata	pSNCM	no	yes	micro	feeding_tube	not_recorded
Dinophysis_miles	Dinoflagellata	pSNCM	yes	yes	micro	not_recorded	not_recorded
Dinophysis_norvegica	Dinoflagellata	pSNCM	no	yes	micro	not_recorded	not_recorded
Dinophysis_ovum_	Dinoflagellata	pSNCM	no	yes	micro	not_recorded	not_recorded
Dinophysis_sacculus	Dinoflagellata	pSNCM	no	yes	micro	feeding_tube	not_recorded
Dinophysis_tripos	Dinoflagellata	pSNCM	no	yes	micro	feeding_tube	not_recorded
Dinothrix_paradoxa	Dinoflagellata	eSNCM	no	not recorded	nano	not_recorded	not_recorded
Diploconus_fasces	Radiolaria	eSNCM	no	not recorded	micro-meso	axopodia;engulfment	not_recorded
Disolenia_quadrata	Radiolaria	eSNCM	no	not recorded	micro	axopodia;engulfment	not_recorded
Disolenia_tenuissima	Radiolaria	eSNCM	no	not recorded	micro	axopodia;engulfment	not_recorded
Disolenia_zanguebarica	Radiolaria	eSNCM	no	not recorded	micro	axopodia;engulfment	not_recorded
Dinotrix_rugata	Dinoflagellata	eSNCM	no	not recorded	nano	not_recorded	yes
Dinotrix_phymatodea	Dinoflagellata	eSNCM	no	not recorded	nano	not_recorded	no
Dinotrix_pseudoparadoxa	Dinoflagellata	eSNCM	no	not recorded	nano	not_recorded	no
Dinotrix_quadrilobata	Dinoflagellata	eSNCM	no	not recorded	nano	not_recorded	no
Dissodinium_pseudolunula	Dinoflagellata	CM	no	not recorded	micro	Tube_feeding	not_recorded
Dolichomastix_tenuilepis	Chlorophyta	CM	no	not recorded	nano	not_recorded	not_recorded
Dorataspis_loricata	Radiolaria	eSNCM	no	not recorded	meso	axopodia;engulfment	not_recorded
Durinskia_capensis	Dinoflagellata	pSNCM	no	not recorded	micro	Tube_feeding	not_recorded
Durinskia_agilis	Dinoflagellata	eSNCM	no	not recorded	nano	not_recorded	no
Durinskia_kwazulunatalensis	Dinoflagellata	eSNCM	no	not recorded	nano	not_recorded	no
Effrenium_voratum	Dinoflagellata	CM	no	not recorded	nano	feeding_tube	yes
Elphidium	Foraminifera	pSNCM	no	not recorded	micro-meso	engulfment_after_immobilization	not_applicable
Emiliania_huxleyi	Haptophyta	CM	no	not recorded	nano	engulfment	yes
Euchitonia_elegans-furcata	Radiolaria	eSNCM	no	not recorded	meso	axopodia;engulfment	not_recorded
Euplotes_uncinatus	Ciliophora	eSNCM	no	not recorded	micro	filter_feeding	not_recorded
Fibrocapsa_japonica	Ochrophyta	CM	no	yes	micro	not_recorded	yes
Florenciella	Ochrophyta	CM	no	not recorded	nano	not_recorded	yes
Fragilidium_duplocampanaeforme	Dinoflagellata	CM	no	not recorded	micro	engulfment	yes
Fragilidium_heterolobum	Dinoflagellata	CM	no	not recorded	micro	engulfment	yes
Fragilidium_mexicanum	Dinoflagellata	CM	no	not recorded	micro	engulfment	yes
Fragilidium_subglobosum	Dinoflagellata	CM	no	not recorded	micro	engulfment	yes
Gambierdiscus_toxicus	Dinoflagellata	CM	no	yes	micro	not_recorded	yes
Geminigera_cryophila	Cryptophyceae	CM	no	not recorded	nano	engulfment	yes
Globigerina_bulloides	Foraminifera	eSNCM	no	not recorded	micro-meso	engulfment_after_immobilization	not_applicable
Globigerina_cristata	Foraminifera	eSNCM	no	not recorded	micro-meso	engulfment_after_immobilization	not_applicable
Globigerina_falconensis	Foraminifera	eSNCM	no	not recorded	micro-meso	engulfment_after_immobilization	not_applicable
Globigerinella_aequilateralis	Foraminifera	eSNCM	no	not recorded	micro-meso	engulfment_after_immobilization	not_applicable
Globigerinella_siphonifera	Foraminifera	eSNCM	no	not recorded	micro-meso	engulfment_after_immobilization	not_applicable
Globigerinita_glutinata	Foraminifera	eSNCM	no	not recorded	micro-meso	engulfment_after_immobilization	not_applicable
Globigerinoides_conglobatus	Foraminifera	eSNCM	no	not recorded	micro-meso	engulfment_after_immobilization	not_applicable
Globigerinoides_elongatus	Foraminifera	eSNCM	no	not recorded	micro-meso	engulfment_after_immobilization	not_applicable
Globigerinoides_ruber	Foraminifera	eSNCM	no	not recorded	micro-meso	engulfment_after_immobilization	not_applicable
Globigerinoides_sacculifer	Foraminifera	eSNCM	no	not recorded	micro-meso	engulfment_after_immobilization	not_applicable
Globoquadrina_conglomerata	Foraminifera	eSNCM	no	not recorded	micro-meso	engulfment_after_immobilization	not_applicable
Globoquadrina_dutertrei	Foraminifera	eSNCM	no	not recorded	micro-meso	engulfment_after_immobilization	not_applicable
Globorotalia_hirsuta	Foraminifera	eSNCM	no	not recorded	micro-meso	engulfment_after_immobilization	not_applicable
Globorotalia_inflata	Foraminifera	eSNCM	no	not recorded	micro-meso	engulfment_after_immobilization	not_applicable
Globorotalia_menardii	Foraminifera	eSNCM	no	not recorded	micro-meso	engulfment_after_immobilization	not_applicable
Globorotalia_tumida	Foraminifera	eSNCM	no	not recorded	micro-meso	engulfment_after_immobilization	not_applicable
Gonyaulax_alaskensis	Dinoflagellata	CM	no	not recorded	micro	not_recorded	yes
Gonyaulax_diegensis	Dinoflagellata	CM	no	not recorded	micro	not_recorded	yes
Gonyaulax_polygramma	Dinoflagellata	CM	no	not recorded	micro	engulfment	yes
Gonyaulax_spinifera	Dinoflagellata	CM	no	yes	micro	engulfment	yes
Grammatodinium_tongyeonginum	Dinoflagellata	CM	no	not recorded	micro	not_recorded	yes
Gymnodinium_aureolum	Dinoflagellata	CM	no	not recorded	micro	feeding_tube	yes
Gymnodinium_catenatum	Dinoflagellata	CM	no	yes	micro	engulfment	yes
Gymnodinium_flavum	Dinoflagellata	CM	no	yes*	micro	not_recorded	not_recorded
Gymnodinium_fulgens	Dinoflagellata	CM	no	not recorded	micro	not_recorded	not_recorded
Gymnodinium_herbaceum	Dinoflagellata	CM	no	not recorded	micro	not_recorded	not_recorded
Gymnodinium_impudicum	Dinoflagellata	CM	no	not recorded	micro	engulfment	yes
Gymnodinium_ravenescens	Dinoflagellata	CM	no	not recorded	micro	not_recorded	not_recorded
Gymnodinium_smaydae	Dinoflagellata	CM	no	not recorded	nano	feeding_tube	yes
Gyrodinium_flavescens	Dinoflagellata	CM	no	not recorded	micro	not_recorded	not_recorded
Gyrodinium_melo	Dinoflagellata	CM	no	not recorded	micro	not_recorded	not_recorded
Gyrodinium_vorax	Dinoflagellata	CM	no	not recorded	micro	engulfment	not_recorded
Haptolina_brevifila	Haptophyta	CM	no	not recorded	nano	engulfment	yes
Haptolina_ericina	Haptophyta	CM	no	not recorded	nano	engulfment	yes
Haptolina_hirta	Haptophyta	CM	no	not recorded	nano	engulfment	yes
Heliodiscus_astericus	Radiolaria	eSNCM	no	not recorded	micro	axopodia;engulfment	not_recorded
Herdmania_litoralis	Dinoflagellata	CM	no	not recorded	micro	not_recorded	yes
Heterocapsa_circularisquama	Dinoflagellata	CM	no	yes	nano	not_recorded	yes
Heterocapsa_rotundata	Dinoflagellata	CM	no	not recorded	nano	engulfment	yes
Heterocapsa_steinii	Dinoflagellata	CM	no	not recorded	micro	engulfment	yes
Heterosigma_akashiwo	Ochrophyta	CM	no	yes	micro	engulfment	yes
Heterostegina_antillarum	Foraminifera	eSNCM	no	not recorded	micro-meso	engulfment_after_immobilization	not_applicable
Hexacontium_gigantheum	Radiolaria	eSNCM	no	not recorded	micro	axopodia;engulfment	not_recorded
Hexacontium_pachydermum	Radiolaria	eSNCM	no	not recorded	micro	axopodia;engulfment	not_recorded
Hexalonche_amphisiphon	Radiolaria	eSNCM	no	not recorded	micro	axopodia;engulfment	not_recorded
Histioneis_biremis	Dinoflagellata	eSNCM	no	not recorded	micro	not_recorded	not_recorded
Histioneis_carinata	Dinoflagellata	eSNCM	no	not recorded	micro	not_recorded	not_recorded
Histioneis_cymbalaria	Dinoflagellata	eSNCM	no	not recorded	micro	not_recorded	not_recorded
Histioneis_depressa	Dinoflagellata	eSNCM	no	not recorded	micro	not_recorded	not_recorded
Histioneis_elongata	Dinoflagellata	eSNCM	no	not recorded	micro	not_recorded	not_recorded
Histioneis_gubernans	Dinoflagellata	eSNCM	no	not recorded	micro	not_recorded	not_recorded
Histioneis_highleyi	Dinoflagellata	eSNCM	no	not recorded	micro	not_recorded	not_recorded
Histioneis_hyalina	Dinoflagellata	eSNCM	no	not recorded	micro	not_recorded	not_recorded
Histioneis_inclinata	Dinoflagellata	eSNCM	no	not recorded	micro	not_recorded	not_recorded
Histioneis_joergensenii	Dinoflagellata	eSNCM	no	not recorded	micro	not_recorded	not_recorded
Histioneis_longicollis	Dinoflagellata	eSNCM	no	not recorded	micro	not_recorded	not_recorded
Histioneis_megalocopa	Dinoflagellata	eSNCM	no	not recorded	micro	not_recorded	not_recorded
Histioneis_milneri	Dinoflagellata	eSNCM	no	not recorded	micro	not_recorded	not_recorded
Histioneis_mitchellana	Dinoflagellata	eSNCM	no	not recorded	micro	not_recorded	not_recorded
Histioneis_oxypteris	Dinoflagellata	eSNCM	no	not recorded	micro	not_recorded	not_recorded
Histioneis_pacifica	Dinoflagellata	eSNCM	no	not recorded	micro	not_recorded	not_recorded
Histioneis_panaria	Dinoflagellata	eSNCM	no	not recorded	micro	not_recorded	not_recorded
Histioneis_panda	Dinoflagellata	eSNCM	no	not recorded	micro	not_recorded	not_recorded
Histioneis_paulseni	Dinoflagellata	eSNCM	no	not recorded	micro	not_recorded	not_recorded
Histioneis_pulchra	Dinoflagellata	eSNCM	no	not recorded	micro	not_recorded	not_recorded
Histioneis_reginella	Dinoflagellata	eSNCM	no	not recorded	micro	not_recorded	not_recorded
Histioneis_rotundata	Dinoflagellata	eSNCM	no	not recorded	micro	not_recorded	not_recorded
Histioneis_schilleri	Dinoflagellata	eSNCM	no	not recorded	micro	not_recorded	not_recorded
Histioneis_striata	Dinoflagellata	eSNCM	no	not recorded	micro	not_recorded	not_recorded
Histioneis_tubifera	Dinoflagellata	eSNCM	no	not recorded	micro	not_recorded	not_recorded
Histioneis_voukii	Dinoflagellata	eSNCM	no	not recorded	micro	not_recorded	not_recorded
Isochrysis_galbana	Haptophyta	CM	no	not recorded	nano	engulfment	yes
Karenia_brevis	Dinoflagellata	CM	no	yes	micro	not_recorded	yes
Karenia_mikimotoi	Dinoflagellata	CM	no	yes	micro	not_recorded	yes
Karenia_papilionacea	Dinoflagellata	CM	no	yes	micro	not_recorded	yes
Karlodinium_armiger	Dinoflagellata	CM	no	yes	nano	feeding_tube	yes
Karlodinium_azanzae	Dinoflagellata	CM	no	not recorded	micro	feeding_tube	yes
Karlodinium_veneficum	Dinoflagellata	CM	no	yes	nano	feeding_tube	yes
Kofoidinium_splendens	Dinoflagellata	eSNCM	no	not recorded	micro	not_recorded	not_recorded
Kryptoperidinium_foliaceum	Dinoflagellata	pSNCM	no	not recorded	micro	not_recorded	yes
Laboea_strobila	Ciliophora	GNCM	no	not recorded	micro	filter_feeding	not_recorded
Larcospira_quadrangula	Radiolaria	eSNCM	no	not recorded	micro	axopodia;engulfment	not_recorded
Lepidodinium_chlorophorum	Dinoflagellata	CM	no	not recorded	micro	not_recorded	not_recorded
Lepidodinium_viride	Dinoflagellata	CM	no	not recorded	micro	not_recorded	not_recorded
Lepidodinium	Dinoflagellata	CM	no	not recorded	nano	not_recorded	yes
Levanderina_fissa	Dinoflagellata	CM	no	not recorded	micro	engulfment	yes
Lingulodinium_polyedra	Dinoflagellata	CM	no	yes	micro	engulfment	yes
Lithoptera_mülleri	Radiolaria	eSNCM	no	not recorded	meso	axopodia;engulfment	not_recorded
Lonchostaurus_rhombicus	Radiolaria	eSNCM	no	not recorded	meso	axopodia;engulfment	not_recorded
Mantoniella_antarctica	Chlorophyta	CM	no	not recorded	micro	engulfment	yes
Mantoniella_squamata	Chlorophyta	CM	no	not recorded	micro	engulfment	yes
Margalefidinium_polykrikoides	Dinoflagellata	CM	no	yes	micro	engulfment	yes
Marginopora_vertebralis	Foraminifera	eSNCM	no	not recorded	micro-meso	engulfment_after_immobilization	not_applicable
Maristentor_dinoferus	Ciliophora	eSNCM	no	not recorded	meso	filter_feeding	not_recorded
Mesodinium_chamaeleon	Ciliophora	pSNCM	no	not recorded	nano-micro	raptorial	not_recorded
Mesodinium_coatsi	Ciliophora	pSNCM	no	not recorded	nano-micro	raptorial	not_recorded
Mesodinium_major	Ciliophora	pSNCM	no	not recorded	micro	raptorial	not_recorded
Mesodinium_rubrum	Ciliophora	pSNCM	no	not recorded	nano-micro	raptorial	yes
Micromonas_pusilla	Chlorophyta	CM	no	not recorded	pico	engulfment	yes
Moestrupia_oblonga	Dinoflagellata	CM	no	not recorded	nano	feeding_tube	yes
Nematodinium	Dinoflagellata	CM	no	not recorded	micro	not_recorded	not_recorded
Neogloboquadrina_dutertrei	Foraminifera	eSNCM	no	not recorded	micro-meso	engulfment_after_immobilization	not_applicable
Nephroselmis_pyriformis	Chlorophyta	CM	not recorded	not recorded	nano	not_recorded	yes
Nephroselmis_rotunda	Chlorophyta	CM	not recorded	not recorded	nano	not_recorded	yes
Noctiluca_scintillans	Dinoflagellata	eSNCM	no	yes*	meso	engulfment	yes
Nonionella_stella	Foraminifera	eSNCM	no	not recorded	micro-meso	engulfment_after_immobilization	not_applicable
Nusuttodinium_latum	Dinoflagellata	pSNCM	no	not recorded	micro	not_recorded	not_recorded
Nusuttodinium_myriopyrenoides	Dinoflagellata	pSNCM	no	not recorded	micro	not_recorded	not_recorded
Nusuttodinium_poecilochroum	Dinoflagellata	pSNCM	no	not recorded	micro	feeding_tube	not_recorded
Ochromonas_monicis	Ochrophyta	CM	no	not recorded	nano	engulfment	yes
Ochromonas_olivacea	Ochrophyta	CM	no	not recorded	nano	engulfment	yes
Ochromonas	Ochrophyta	CM	no	not recorded	nano-micro	engulfment	yes
Octodendron	Radiolaria	eSNCM	not recorded	not recorded	not recorded	axopodia;engulfment	not_recorded
Omegastrombidium_elegans	Ciliophora	GNCM	no	not recorded	micro	filter_feeding	not_recorded
Orbulina_universa	Foraminifera	eSNCM	no	not recorded	micro-meso	engulfment_after_immobilization	not_applicable
Ornithocercus_francescae	Dinoflagellata	eSNCM	no	not recorded	micro	not_recorded	not_recorded
Ornithocercus_heteroporus_	Dinoflagellata	eSNCM	no	not recorded	micro	not_recorded	not_recorded
Ornithocercus_magnificus	Dinoflagellata	eSNCM	no	not recorded	micro	not_recorded	not_recorded
Ornithocercus_quadratus	Dinoflagellata	eSNCM	no	not recorded	micro	not_recorded	not_recorded
Ornithocercus_splendidus	Dinoflagellata	eSNCM	no	not recorded	micro	not_recorded	not_recorded
Ornithocercus_steinii	Dinoflagellata	eSNCM	no	not recorded	micro	not_recorded	not_recorded
Ornithocercus_thumii	Dinoflagellata	eSNCM	no	not recorded	micro	not_recorded	not_recorded
Ostreopsis_heptagona	Dinoflagellata	CM	no	yes	micro	not_recorded	yes
Ostreopsis_labens	Dinoflagellata	CM	no	not recorded	micro	not_recorded	yes
Ostreopsis_lenticularis	Dinoflagellata	CM	no	yes	micro	not_recorded	yes
Ostreopsis_mascarenensis	Dinoflagellata	CM	no	yes	micro	not_recorded	yes
Ostreopsis_ovata	Dinoflagellata	CM	no	yes	micro	not_recorded	yes
Ostreopsis_siamensis	Dinoflagellata	CM	no	yes	micro	not_recorded	yes
Otosphaera_aff._lagotis	Radiolaria	eSNCM	no	not recorded	micro	axopodia;engulfment	not_recorded
Otosphaera_polymorpha	Radiolaria	eSNCM	no	not recorded	micro	axopodia;engulfment	not_recorded
Paragymnodinium_shiwhaense	Dinoflagellata	CM	no	not recorded	nano	feeding_tube	yes
Paragymnodinium_stigmaticum	Dinoflagellata	CM	no	not recorded	nano	feeding_tube	yes
Parahistioneis_reticulata	Dinoflagellata	eSNCM	no	not recorded	micro	not_recorded	not_recorded
Paratontonia_gracillima	Ciliophora	GNCM	no	not recorded	micro	filter_feeding	not_recorded
Paratontonia_poopsia	Ciliophora	GNCM	no	not recorded	micro	filter_feeding	not_recorded
Pentapharsodinium_tyrrhenicum	Dinoflagellata	CM	no	not recorded	micro	feeding_tube	no
Pelagodinium	Dinoflagellata	CM	no	not recorded	nano	engulfment	yes
Perispira_ovatum	Ciliophora	pSNCM	no	not recorded	micro	raptorial	not_recorded
Pfiesteria_piscicida	Dinoflagellata	pSNCM	no	not recorded	nano	feeding_tube	not_recorded
Phaeocystis_globosa	Haptophyta	CM	yes	yes	nano	engulfment	yes
Phalacroma_cuneus	Dinoflagellata	pSNCM	no	not recorded	micro	not_recorded	not_recorded
Phalacroma_favus	Dinoflagellata	pSNCM	no	not recorded	micro	not_recorded	not_recorded
Phalacroma_mitra	Dinoflagellata	pSNCM	no	yes	micro	not_recorded	not_recorded
Phalacroma_rapa	Dinoflagellata	pSNCM	no	not recorded	micro	not_recorded	not_recorded
Phorticium_clevei	Radiolaria	eSNCM	no	not recorded	micro	axopodia;engulfment	not_recorded
Phorticium_multispinum	Radiolaria	eSNCM	no	not recorded	not recorded	axopodia;engulfment	not_recorded
Phorticium_polycladum	Radiolaria	eSNCM	no	not recorded	micro	axopodia;engulfment	not_recorded
Phorticium_pylonium	Radiolaria	eSNCM	no	not recorded	micro	axopodia;engulfment	not_recorded
Phorticium_strobilinum	Radiolaria	eSNCM	no	not recorded	not recorded	axopodia;engulfment	not_recorded
Phractopelta_dorataspis	Radiolaria	eSNCM	no	not recorded	micro	axopodia;engulfment	not_recorded
Phractopelta_sarmentosa	Radiolaria	eSNCM	no	not recorded	micro	axopodia;engulfment	not_recorded
Phyllostaurus_cuspidatus	Radiolaria	eSNCM	no	not recorded	micro-meso	axopodia;engulfment	not_recorded
Phyllostaurus_quadrangulus	Radiolaria	eSNCM	no	not recorded	micro-meso	axopodia;engulfment	not_recorded
Phyllostaurus_siculus	Radiolaria	eSNCM	no	not recorded	micro-meso	axopodia;engulfment	not_recorded
Physematium_muelleri	Radiolaria	eSNCM	no	not recorded	meso	axopodia;engulfment	not_recorded
Plegmosphaera	Radiolaria	eSNCM	no	not recorded	micro	axopodia;engulfment	not_recorded
Podolampas_bipes	Dinoflagellata	eSNCM	no	not recorded	micro	not_recorded	not_recorded
Podolampas_reticulata	Dinoflagellata	eSNCM	no	not recorded	micro	not_recorded	not_recorded
Polykrikos_hartmannii	Dinoflagellata	CM	no	yes	micro	engulfment	yes
Polykrikos_lebourae	Dinoflagellata	CM	no	not recorded	micro	engulfment	yes
Polykrikos_tanit	Dinoflagellata	CM	no	not recorded	micro	tube_feeding	yes
Polysolenia_setosa	Radiolaria	eSNCM	no	not recorded	micro	axopodia;engulfment	not_recorded
Polysolenia_spinosa	Radiolaria	eSNCM	no	not recorded	micro	axopodia;engulfment	not_recorded
Polysolenia_transformata	Radiolaria	eSNCM	no	not recorded	micro	axopodia;engulfment	not_recorded
Procyttarium_primordialis	Radiolaria	eSNCM	no	not recorded	meso	axopodia;engulfment	not_recorded
Procyttarium_prototypus	Radiolaria	eSNCM	no	not recorded	not recorded	axopodia;engulfment	not_recorded
Prorocentrum_belizeanum	Dinoflagellata	CM	no	yes	micro	not_recorded	yes
Prorocentrum_cf._balticum	Dinoflagellata	CM	no	yes*	nano	peduncle	yes
Prorocentrum_cordatum	Dinoflagellata	CM	no	yes	nano	engulfment	yes
Prorocentrum_hoffmannianum	Dinoflagellata	CM	no	yes	micro	engulfment	yes
Prorocentrum_lima	Dinoflagellata	CM	no	yes	micro	not_recorded	yes
Prorocentrum_micans	Dinoflagellata	CM	no	not recorded	micro	engulfment	yes
Prorocentrum_obtusidens	Dinoflagellata	CM	no	not recorded	nano	engulfment	yes
Prorocentrum_redfieldii	Dinoflagellata	CM	no	not recorded	nano	engulfment	yes
Protoceratium_reticulatum	Dinoflagellata	CM	no	yes	micro	not_recorded	yes
Protoodinium_chattoni	Dinoflagellata	CM	no	not recorded	nano-micro	feeding_tube	not_recorded
Protoodinium_hovassei	Dinoflagellata	CM	no	not recorded	nano-micro	not_recorded	not_recorded
Prymnesium_parvum	Haptophyta	CM	no	yes	nano	engulfment	yes
Prymnesium_polylepis	Haptophyta	CM	no	yes	nano	engulfment	yes
Pseudotontonia_cornuta	Ciliophora	GNCM	no	not recorded	micro	filter_feeding	not_recorded
Pseudotontonia_simplicidens	Ciliophora	GNCM	no	not recorded	micro	filter_feeding	not_recorded
Pterocanium_campanella	Radiolaria	eSNCM	no	not recorded	micro	axopodia;engulfment	not_recorded
Pterocanium_aff._challengeri	Radiolaria	eSNCM	no	not recorded	micro	axopodia;engulfment	not_recorded
Pterocanium_charybdeum	Radiolaria	eSNCM	no	not recorded	not recorded	not_recorded	not_recorded
Pterocanium_cf._depressum	Radiolaria	eSNCM	no	not recorded	micro	axopodia;engulfment	not_recorded
Pterocanium_eucolpum	Radiolaria	eSNCM	no	not recorded	micro	axopodia;engulfment	not_recorded
Pterocanium_korotnevi	Radiolaria	eSNCM	no	not recorded	micro	axopodia;engulfment	not_recorded
Pterocanium_cf._orcinum	Radiolaria	eSNCM	no	not recorded	micro	axopodia;engulfment	not_recorded
Pterocanium_praetextum	Radiolaria	eSNCM	no	not recorded	micro-meso	axopodia;engulfment	not_recorded
Pterocanium_trilobum	Radiolaria	eSNCM	no	not recorded	micro	axopodia;engulfment	not_recorded
Pterocanium_virgineum	Radiolaria	eSNCM	no	not recorded	micro-meso	axopodia;engulfment	not_recorded
Pterocorys_campanulata	Radiolaria	eSNCM	no	not recorded	micro	axopodia;engulfment	not_recorded
Pterocorys_carinatus	Radiolaria	eSNCM	no	not recorded	not recorded	axopodia;engulfment	not_recorded
Pterocorys_clausus	Radiolaria	eSNCM	no	not recorded	micro	axopodia;engulfment	not_recorded
Pterocorys_fastuosa	Radiolaria	eSNCM	no	not recorded	micro	axopodia;engulfment	not_recorded
Pterocorys_trochus	Radiolaria	eSNCM	no	not recorded	micro	axopodia;engulfment	not_recorded
Pterocorys_zancleus	Radiolaria	eSNCM	no	not recorded	micro	axopodia;engulfment	not_recorded
Pterosperma_cristatum	Chlorophyta	CM	no	not recorded	nano	engulfment	yes
Pulleniatina_obliquiloculata	Foraminifera	eSNCM	no	not recorded	micro-meso	engulfment_after_immobilization	not_applicable
Pyramimonas_gelidicola	Chlorophyta	CM	no	not recorded	nano	engulfment	yes
Pyramimonas_parkeae	Chlorophyta	CM	no	not recorded	nano	engulfment	yes
Pyramimonas_tychotreta	Chlorophyta	CM	no	not recorded	nano	engulfment	yes
Rhaphidozoum_acuferum	Radiolaria	eSNCM	yes	not recorded	meso	axopodia;engulfment	not_recorded
Rhizochromulina	Ochrophyta	CM	no	not recorded	nano	engulfment	yes
Scrippsiella_acuminata	Dinoflagellata	CM	no	not recorded	micro	engulfment	yes
Shimiella_gracilenta	Dinoflagellata	pSNCM	no	not recorded	nano	feeding_tube	not_recorded
Sinophysis_canaliculata	Dinoflagellata	eSNCM	no	not recorded	micro	not_recorded	not_recorded
Siphonosphaera_abyssi	Radiolaria	eSNCM	no	not recorded	micro	axopodia;engulfment	not_recorded
Siphonosphaera_socialis	Radiolaria	eSNCM	no	not recorded	micro	axopodia;engulfment	not_recorded
Siphonosphaera_tubulosa	Radiolaria	eSNCM	no	not recorded	micro	axopodia;engulfment	not_recorded
Sorites_marginalis	Foraminifera	eSNCM	no	not recorded	micro-meso	engulfment_after_immobilization	not_applicable
Sorites_orbiculus	Foraminifera	eSNCM	no	not recorded	micro-meso	engulfment_after_immobilization	not_applicable
Spatulodinium_pseudonoctiluca	Dinoflagellata	CM	no	not recorded	micro	not_recorded	not_recorded
Sphaerozoum_armatum	Radiolaria	eSNCM	yes	not recorded	not recorded	axopodia;engulfment	not_recorded
Sphaerozoum_brandtii	Radiolaria	eSNCM	yes	not recorded	meso	axopodia;engulfment	not_recorded
Sphaerozoum_fuscum	Radiolaria	eSNCM	yes	not recorded	meso	axopodia;engulfment	not_recorded
Sphaerozoum_ovodimare	Radiolaria	eSNCM	yes	not recorded	meso	axopodia;engulfment	not_recorded
Sphaerozoum_punctatum	Radiolaria	eSNCM	yes	not recorded	micro	axopodia;engulfment	not_recorded
Sphaerozoum_strigulosum	Radiolaria	eSNCM	yes	not recorded	micro	axopodia;engulfment	not_recorded
Sphaerozoum_trigenimum	Radiolaria	eSNCM	yes	not recorded	micro	axopodia;engulfment	not_recorded
Spiniferodinium_galeiforme	Dinoflagellata	CM	no	not recorded	micro	not_recorded	not_recorded
Spirostrombidium_pulchrum	Ciliophora	GNCM	no	not recorded	micro	filter_feeding	not_recorded
Spirotontonia	Ciliophora	GNCM	no	not recorded	micro	filter_feeding	not_recorded
Spongaster_tetras_tetras	Radiolaria	eSNCM	no	not recorded	meso	axopodia;engulfment	not_recorded
Spongodiscus_biconcavus	Radiolaria	eSNCM	no	not recorded	meso	axopodia;engulfment	not_recorded
Spongodiscus_resurgens	Radiolaria	eSNCM	no	not recorded	meso	axopodia;engulfment	not_recorded
Spongodrymus	Radiolaria	eSNCM	no	not recorded	micro-meso	axopodia;engulfment	not_recorded
Spongostaurina_lobus	Radiolaria	eSNCM	no	not recorded	meso	axopodia;engulfment	not_recorded
Spongotrochus_glacialis	Radiolaria	eSNCM	no	not recorded	meso	axopodia;engulfment	not_recorded
Strombidium_acutum	Ciliophora	GNCM	no	not recorded	micro	filter_feeding	not_recorded
Strombidium_antarcticum	Ciliophora	GNCM	no	not recorded	micro	filter_feeding	not_recorded
Strombidium_apolatum	Ciliophora	GNCM	no	not recorded	micro	filter_feeding	not_recorded
Strombidium_basimorphum	Ciliophora	GNCM	no	not recorded	micro	filter_feeding	no
Strombidium_biarmatum	Ciliophora	GNCM	no	not recorded	micro	filter_feeding	not_recorded
Strombidium_capitatum	Ciliophora	GNCM	no	not recorded	micro	filter_feeding	not_recorded
Strombidium_chlorophilum	Ciliophora	GNCM	no	not recorded	micro	filter_feeding	not_recorded
Strombidium_conicum	Ciliophora	GNCM	no	not recorded	micro	filter_feeding	not_recorded
Strombidium_dalum	Ciliophora	GNCM	no	not recorded	nano	filter_feeding	not_recorded
Strombidium_delicatissimum	Ciliophora	GNCM	no	not recorded	nano	filter_feeding	not_recorded
Strombidium_lingulum	Ciliophora	GNCM	no	not recorded	micro	filter_feeding	not_recorded
Strombidium_lynni	Ciliophora	GNCM	no	not recorded	nano	filter_feeding	not_recorded
Strombidium_oculatum	Ciliophora	GNCM	no	not recorded	micro	filter_feeding	not_recorded
Strombidium_purpureum	Ciliophora	eSNCM	no	not recorded	micro	filter_feeding	not_recorded
Strombidium_rassoulzadegani	Ciliophora	GNCM	no	not recorded	micro	filter_feeding	yes
Strombidium_reticulatum	Ciliophora	GNCM	no	not recorded	micro	filter_feeding	not_recorded
Strombidium_stylifer	Ciliophora	GNCM	no	not recorded	micro	filter_feeding	not_recorded
Strombidium_vestitum	Ciliophora	GNCM	no	not recorded	nano	filter_feeding	not_recorded
Strombidium_wulffi	Ciliophora	GNCM	no	not recorded	micro	filter_feeding	not_recorded
Styptosphaera	Radiolaria	eSNCM	no	not recorded	meso	axopodia;engulfment	not_recorded
Styptosphaera_spumacea	Radiolaria	eSNCM	no	not recorded	meso	axopodia;engulfment	not_recorded
Sulcochrysis_biplastida	Ochrophyta	CM	no	not recorded	nano	not_recorded	not_recorded
Symbiodinium	Dinoflagellata	CM	no	not recorded	nano	feeding_tube	yes
Synchroma_grande	Ochrophyta	CM	no	not recorded	micro	engulfment	yes
Takayama_helix	Dinoflagellata	CM	no	not recorded	micro	feeding_tube	yes
Takayama_tasmanica	Dinoflagellata	CM	no	not recorded	micro	feeding_tube	yes
Teleaulax_amphioxeia	Cryptophyceae	CM	no	not recorded	nano	engulfment	yes
Testudodinium_magnum	Dinoflagellata	CM	no	not recorded	micro	not_recorded	not_recorded
Tetrapyle_octacantha	Radiolaria	eSNCM	no	not recorded	micro-meso	axopodia;engulfment	not_recorded
Thalassicolla_caerulea	Radiolaria	eSNCM	no	not recorded	meso	axopodia;engulfment	not_recorded
Thalassicolla_melacapsa	Radiolaria	eSNCM	no	not recorded	meso	axopodia;engulfment	not_recorded
Thalassicolla_nucleata	Radiolaria	eSNCM	no	not recorded	meso	axopodia;engulfment	not_recorded
Thalassolampe_margarodes	Radiolaria	eSNCM	not recorded	not recorded	not recorded	axopodia;engulfment	not_recorded
Thalassophysa_pelagica	Radiolaria	eSNCM	no	not recorded	not recorded	axopodia;engulfment	not_recorded
Thalassophysa_sanguinolenta	Radiolaria	eSNCM	no	not recorded	not recorded	axopodia;engulfment	not_recorded
Thecadinium_kofoidii	Dinoflagellata	CM	no	not recorded	micro	feeding_tube	not_recorded
Tiarina	Ciliophora	eSNCM	no	not recorded	micro	not_recorded	not_recorded
Tontonia_appendiculariformis	Ciliophora	GNCM	no	not recorded	micro	filter_feeding	not_recorded
Tontonia_ovalis	Ciliophora	GNCM	no	not recorded	micro	filter_feeding	not_recorded
Torodinium_teredo	Dinoflagellata	CM	no	not recorded	micro	not_recorded	not_recorded
Trilobatus_sacculifer	Foraminifera	eSNCM	no	not recorded	micro-meso	engulfment_after_immobilization	not_applicable
Triparma	Ochrophyta	CM	no	not recorded	nano	engulfment	yes
Tripos_arcticus	Dinoflagellata	CM	no	not recorded	micro	not_recorded	not_recorded
Tripos_declinatus	Dinoflagellata	CM	no	not recorded	micro	not_recorded	not_recorded
Tripos_furca	Dinoflagellata	CM	no	not recorded	micro	engulfment	yes
Tripos_fusus	Dinoflagellata	CM	no	not recorded	micro	engulfment	yes
Tripos_longipes	Dinoflagellata	CM	no	not recorded	micro	not_recorded	not_recorded
Tripos_lunula	Dinoflagellata	CM	no	not recorded	micro	not_recorded	not_recorded
Tripos_muelleri	Dinoflagellata	CM	no	not recorded	micro	not_recorded	yes
Tripos_teres	Dinoflagellata	CM	no	not recorded	micro	not_recorded	not_recorded
Triposolenia_bicornis	Dinoflagellata	eSNCM	no	not recorded	micro	not_recorded	not_recorded
Triposolenia_truncata	Dinoflagellata	eSNCM	no	not recorded	micro	not_recorded	not_recorded
Turborotalita_humilis	Foraminifera	eSNCM	no	not recorded	micro-meso	engulfment_after_immobilization	not_applicable
Xiphacantha_alata	Radiolaria	eSNCM	no	not recorded	micro-meso	axopodia;engulfment	not_recorded
Xiphacantha_quaridentata	Radiolaria	eSNCM	no	not recorded	micro-meso	axopodia;engulfment	not_recorded
Yihiella_yeosuensis	Dinoflagellata	CM	no	not recorded	nano	not_recorded	yes
